city,day,cases,deaths,incoming_flight_count,outgoing_flight_count
BOSTON,2020-02-01,1,0,341,310
BOSTON,2020-02-02,1,0,299,293
BOSTON,2020-02-03,1,0,395,405
BOSTON,2020-02-04,1,0,423,424
BOSTON,2020-02-05,1,0,392,387
BOSTON,2020-02-06,1,0,378,378
BOSTON,2020-02-07,1,0,400,378
BOSTON,2020-02-08,1,0,364,332
BOSTON,2020-02-09,1,0,312,322
BOSTON,2020-02-10,1,0,404,406
BOSTON,2020-02-11,1,0,418,397
BOSTON,2020-02-12,1,0,415,399
BOSTON,2020-02-13,1,0,392,388
BOSTON,2020-02-14,1,0,450,421
BOSTON,2020-02-15,1,0,312,282
BOSTON,2020-02-16,1,0,326,335
BOSTON,2020-02-17,1,0,380,376
BOSTON,2020-02-18,1,0,403,410
BOSTON,2020-02-19,1,0,436,398
BOSTON,2020-02-20,1,0,432,407
BOSTON,2020-02-21,1,0,430,421
BOSTON,2020-02-22,1,0,356,343
BOSTON,2020-02-23,1,0,326,334
BOSTON,2020-02-24,1,0,418,398
BOSTON,2020-02-25,1,0,432,411
BOSTON,2020-02-26,1,0,422,395
BOSTON,2020-02-27,1,0,431,419
BOSTON,2020-02-28,1,0,447,433
BOSTON,2020-02-29,1,0,366,338
BOSTON,2020-03-01,1,0,317,291
BOSTON,2020-03-02,1,0,414,380
BOSTON,2020-03-03,1,0,403,386
BOSTON,2020-03-04,1,0,399,363
BOSTON,2020-03-05,1,0,420,395
BOSTON,2020-03-06,4,0,416,384
BOSTON,2020-03-07,4,0,344,317
BOSTON,2020-03-08,9,0,345,326
BOSTON,2020-03-09,10,0,394,388
BOSTON,2020-03-10,20,0,393,381
BOSTON,2020-03-11,20,0,403,389
BOSTON,2020-03-12,22,0,414,405
BOSTON,2020-03-13,26,0,395,357
BOSTON,2020-03-14,27,0,337,313
BOSTON,2020-03-15,31,0,343,304
BOSTON,2020-03-16,42,0,382,345
BOSTON,2020-03-17,42,0,363,342
BOSTON,2020-03-18,51,0,364,333
BOSTON,2020-03-19,72,0,357,334
BOSTON,2020-03-20,87,1,349,318
BOSTON,2020-03-21,108,1,257,222
BOSTON,2020-03-22,126,2,266,235
BOSTON,2020-03-23,154,3,244,213
BOSTON,2020-03-24,234,3,220,199
BOSTON,2020-03-25,342,3,195,160
BOSTON,2020-03-26,448,4,178,162
BOSTON,2020-03-27,631,4,169,145
BOSTON,2020-03-28,843,5,154,149
BOSTON,2020-03-29,940,5,151,140
BOSTON,2020-03-30,1115,7,158,162
BOSTON,2020-03-31,1373,8,163,143
BOSTON,2020-04-01,1624,15,153,129
BOSTON,2020-04-02,1896,21,125,113
BOSTON,2020-04-03,2183,23,117,93
BOSTON,2020-04-04,2429,28,101,79
BOSTON,2020-04-05,2658,29,101,101
BOSTON,2020-04-06,2929,33,109,92
BOSTON,2020-04-07,3245,42,104,87
BOSTON,2020-04-08,3600,50,98,81
BOSTON,2020-04-09,4041,56,93,82
BOSTON,2020-04-10,4534,73,111,107
BOSTON,2020-04-11,4926,81,94,76
BOSTON,2020-04-12,5359,88,72,67
BOSTON,2020-04-13,5579,106,86,70
BOSTON,2020-04-14,5872,120,88,83
BOSTON,2020-04-15,6279,147,91,75
BOSTON,2020-04-16,6820,166,86,80
BOSTON,2020-04-17,7272,190,89,70
BOSTON,2020-04-18,7696,214,69,64
BOSTON,2020-04-19,8074,238,72,66
BOSTON,2020-04-20,8314,263,72,66
BOSTON,2020-04-21,8669,285,67,55
BOSTON,2020-04-22,9060,318,75,60
CHARLOTTE,2020-03-12,2,0,312,168
CHARLOTTE,2020-03-13,2,0,328,129
CHARLOTTE,2020-03-14,2,0,119,350
CHARLOTTE,2020-03-15,4,0,133,348
CHARLOTTE,2020-03-16,4,0,129,332
CHARLOTTE,2020-03-17,7,0,227,272
CHARLOTTE,2020-03-18,11,0,249,180
CHARLOTTE,2020-03-19,13,0,353,136
CHARLOTTE,2020-03-20,28,0,401,111
CHARLOTTE,2020-03-21,41,0,169,201
CHARLOTTE,2020-03-22,66,0,111,288
CHARLOTTE,2020-03-23,80,0,173,203
CHARLOTTE,2020-03-24,104,0,119,163
CHARLOTTE,2020-03-25,170,0,58,162
CHARLOTTE,2020-03-26,181,0,143,134
CHARLOTTE,2020-03-27,218,0,206,69
CHARLOTTE,2020-03-28,299,0,185,57
CHARLOTTE,2020-03-29,336,1,206,82
CHARLOTTE,2020-03-30,382,1,78,130
CHARLOTTE,2020-03-31,420,1,58,137
CHARLOTTE,2020-04-01,444,2,77,186
CHARLOTTE,2020-04-02,495,2,65,185
CHARLOTTE,2020-04-03,564,2,85,224
CHARLOTTE,2020-04-04,635,4,63,182
CHARLOTTE,2020-04-05,664,6,176,119
CHARLOTTE,2020-04-06,733,7,187,89
CHARLOTTE,2020-04-07,810,8,109,114
CHARLOTTE,2020-04-08,830,10,132,84
CHARLOTTE,2020-04-09,861,10,66,141
CHARLOTTE,2020-04-10,906,10,55,166
CHARLOTTE,2020-04-11,935,12,105,127
CHARLOTTE,2020-04-12,954,12,173,123
CHARLOTTE,2020-04-13,970,12,197,86
CHARLOTTE,2020-04-14,993,15,105,104
CHARLOTTE,2020-04-15,1015,19,60,140
CHARLOTTE,2020-04-16,1084,19,45,147
CHARLOTTE,2020-04-17,1136,21,134,106
CHARLOTTE,2020-04-18,1153,24,78,101
CHARLOTTE,2020-04-19,1178,29,89,117
CHARLOTTE,2020-04-20,1210,29,68,112
CHARLOTTE,2020-04-21,1245,32,106,108
CHARLOTTE,2020-04-22,1284,33,80,111
CHICAGO,2020-01-24,1,0,853,811
CHICAGO,2020-01-25,1,0,796,670
CHICAGO,2020-01-26,1,0,703,643
CHICAGO,2020-01-27,1,0,939,847
CHICAGO,2020-01-28,1,0,908,847
CHICAGO,2020-01-29,1,0,909,784
CHICAGO,2020-01-30,2,0,957,854
CHICAGO,2020-01-31,2,0,851,786
CHICAGO,2020-02-01,2,0,842,722
CHICAGO,2020-02-02,2,0,775,688
CHICAGO,2020-02-03,2,0,919,858
CHICAGO,2020-02-04,2,0,899,859
CHICAGO,2020-02-05,2,0,897,816
CHICAGO,2020-02-06,2,0,884,819
CHICAGO,2020-02-07,2,0,976,861
CHICAGO,2020-02-08,2,0,831,772
CHICAGO,2020-02-09,2,0,571,620
CHICAGO,2020-02-10,2,0,966,853
CHICAGO,2020-02-11,2,0,947,859
CHICAGO,2020-02-12,2,0,905,791
CHICAGO,2020-02-13,2,0,766,662
CHICAGO,2020-02-14,2,0,1076,960
CHICAGO,2020-02-15,2,0,748,702
CHICAGO,2020-02-16,2,0,810,755
CHICAGO,2020-02-17,2,0,899,870
CHICAGO,2020-02-18,2,0,1000,894
CHICAGO,2020-02-19,2,0,992,905
CHICAGO,2020-02-20,2,0,1003,901
CHICAGO,2020-02-21,2,0,1005,893
CHICAGO,2020-02-22,2,0,890,803
CHICAGO,2020-02-23,2,0,829,766
CHICAGO,2020-02-24,2,0,961,904
CHICAGO,2020-02-25,2,0,946,844
CHICAGO,2020-02-26,2,0,938,831
CHICAGO,2020-02-27,2,0,1002,925
CHICAGO,2020-02-28,2,0,1001,929
CHICAGO,2020-02-29,3,0,872,804
CHICAGO,2020-03-01,3,0,796,715
CHICAGO,2020-03-02,4,0,927,851
CHICAGO,2020-03-03,4,0,916,850
CHICAGO,2020-03-04,4,0,922,849
CHICAGO,2020-03-05,5,0,952,848
CHICAGO,2020-03-06,6,0,935,849
CHICAGO,2020-03-07,6,0,880,786
CHICAGO,2020-03-08,7,0,893,852
CHICAGO,2020-03-09,11,0,933,889
CHICAGO,2020-03-10,17,0,914,871
CHICAGO,2020-03-11,22,0,960,898
CHICAGO,2020-03-12,27,0,959,893
CHICAGO,2020-03-13,40,0,966,894
CHICAGO,2020-03-14,51,0,867,758
CHICAGO,2020-03-15,76,0,841,764
CHICAGO,2020-03-16,76,0,902,770
CHICAGO,2020-03-17,107,1,882,820
CHICAGO,2020-03-18,179,1,728,666
CHICAGO,2020-03-19,279,2,679,646
CHICAGO,2020-03-20,412,3,720,656
CHICAGO,2020-03-21,548,4,550,496
CHICAGO,2020-03-22,805,6,549,452
CHICAGO,2020-03-23,922,9,558,458
CHICAGO,2020-03-24,1194,12,552,471
CHICAGO,2020-03-25,1418,13,499,414
CHICAGO,2020-03-26,1904,18,463,434
CHICAGO,2020-03-27,2239,20,421,367
CHICAGO,2020-03-28,2613,28,408,346
CHICAGO,2020-03-29,3445,40,460,385
CHICAGO,2020-03-30,3727,44,427,387
CHICAGO,2020-03-31,4496,61,443,386
CHICAGO,2020-04-01,5152,95,491,392
CHICAGO,2020-04-02,5575,107,439,369
CHICAGO,2020-04-03,6473,141,477,438
CHICAGO,2020-04-04,7439,167,371,359
CHICAGO,2020-04-05,8043,186,394,335
CHICAGO,2020-04-06,8728,209,394,363
CHICAGO,2020-04-07,9509,249,372,330
CHICAGO,2020-04-08,10520,312,371,310
CHICAGO,2020-04-09,11415,351,380,320
CHICAGO,2020-04-10,12472,398,348,298
CHICAGO,2020-04-11,13417,453,302,276
CHICAGO,2020-04-12,14585,485,304,249
CHICAGO,2020-04-13,15474,543,338,302
CHICAGO,2020-04-14,16323,577,306,265
CHICAGO,2020-04-15,17306,630,300,254
CHICAGO,2020-04-16,18087,722,286,258
CHICAGO,2020-04-17,19391,760,243,196
CHICAGO,2020-04-18,20395,860,227,173
CHICAGO,2020-04-19,21272,877,229,190
CHICAGO,2020-04-20,22101,915,257,205
CHICAGO,2020-04-21,23181,1002,249,208
CHICAGO,2020-04-22,24546,1072,249,213
DALLAS,2020-03-10,2,0,166,152
DALLAS,2020-03-11,3,0,165,153
DALLAS,2020-03-12,8,0,167,157
DALLAS,2020-03-13,9,0,159,151
DALLAS,2020-03-14,11,0,143,142
DALLAS,2020-03-15,14,0,141,130
DALLAS,2020-03-16,14,0,152,136
DALLAS,2020-03-17,23,0,136,132
DALLAS,2020-03-18,34,0,139,115
DALLAS,2020-03-19,56,1,113,116
DALLAS,2020-03-20,74,1,149,109
DALLAS,2020-03-21,95,1,127,118
DALLAS,2020-03-22,132,2,111,82
DALLAS,2020-03-23,159,2,115,97
DALLAS,2020-03-24,169,5,138,116
DALLAS,2020-03-25,169,6,128,113
DALLAS,2020-03-26,303,7,133,128
DALLAS,2020-03-27,367,7,101,89
DALLAS,2020-03-28,439,9,69,73
DALLAS,2020-03-29,443,9,84,69
DALLAS,2020-03-30,549,11,90,73
DALLAS,2020-03-31,631,13,82,78
DALLAS,2020-04-01,731,15,89,94
DALLAS,2020-04-02,831,17,76,78
DALLAS,2020-04-03,921,17,89,89
DALLAS,2020-04-04,1015,18,75,72
DALLAS,2020-04-05,1112,18,70,58
DALLAS,2020-04-06,1155,18,85,83
DALLAS,2020-04-07,1261,19,77,70
DALLAS,2020-04-08,1324,20,76,71
DALLAS,2020-04-09,1432,22,74,64
DALLAS,2020-04-10,1537,25,73,65
DALLAS,2020-04-11,1648,27,58,52
DALLAS,2020-04-12,1723,31,46,38
DALLAS,2020-04-13,1788,32,82,68
DALLAS,2020-04-14,1877,42,57,56
DALLAS,2020-04-15,1986,43,59,47
DALLAS,2020-04-16,2066,50,49,51
DALLAS,2020-04-17,2190,55,54,48
DALLAS,2020-04-18,2324,60,51,37
DALLAS,2020-04-19,2428,60,35,30
DALLAS,2020-04-20,2512,60,52,54
DALLAS,2020-04-21,2602,64,47,47
DALLAS,2020-04-22,2683,65,55,47
DENVER,2020-03-06,2,0,118,484
DENVER,2020-03-07,2,0,135,473
DENVER,2020-03-08,2,0,154,487
DENVER,2020-03-09,3,0,376,512
DENVER,2020-03-10,4,0,245,499
DENVER,2020-03-11,6,0,296,487
DENVER,2020-03-12,9,0,400,498
DENVER,2020-03-13,17,0,255,488
DENVER,2020-03-14,23,0,302,470
DENVER,2020-03-15,28,0,388,441
DENVER,2020-03-16,28,0,229,437
DENVER,2020-03-17,41,0,428,476
DENVER,2020-03-18,45,0,215,461
DENVER,2020-03-19,61,0,208,321
DENVER,2020-03-20,79,0,321,281
DENVER,2020-03-21,98,0,178,367
DENVER,2020-03-22,125,0,173,294
DENVER,2020-03-23,148,0,108,308
DENVER,2020-03-24,176,0,144,340
DENVER,2020-03-25,214,3,145,335
DENVER,2020-03-26,262,3,229,308
DENVER,2020-03-27,312,3,200,254
DENVER,2020-03-28,367,5,145,219
DENVER,2020-03-29,408,5,57,249
DENVER,2020-03-30,465,6,135,226
DENVER,2020-03-31,539,7,79,235
DENVER,2020-04-01,586,8,32,231
DENVER,2020-04-02,643,11,146,187
DENVER,2020-04-03,716,14,146,180
DENVER,2020-04-04,769,14,33,155
DENVER,2020-04-05,825,16,30,160
DENVER,2020-04-06,847,15,95,216
DENVER,2020-04-07,884,31,122,201
DENVER,2020-04-08,927,33,93,189
DENVER,2020-04-09,1031,38,146,200
DENVER,2020-04-10,1113,42,67,192
DENVER,2020-04-11,1182,46,63,175
DENVER,2020-04-12,1247,46,111,120
DENVER,2020-04-13,1346,51,167,162
DENVER,2020-04-14,1402,56,94,154
DENVER,2020-04-15,1468,61,83,168
DENVER,2020-04-16,1549,63,97,113
DENVER,2020-04-17,1636,66,44,114
DENVER,2020-04-18,1723,74,37,141
DENVER,2020-04-19,1784,75,90,120
DENVER,2020-04-20,1880,83,73,137
DENVER,2020-04-21,2004,91,60,135
DENVER,2020-04-22,2071,96,71,130
DETROIT,2020-03-10,1,0,172,142
DETROIT,2020-03-11,1,0,341,37
DETROIT,2020-03-12,1,0,357,7
DETROIT,2020-03-13,6,0,274,24
DETROIT,2020-03-14,8,0,236,11
DETROIT,2020-03-15,13,0,58,288
DETROIT,2020-03-16,13,0,313,31
DETROIT,2020-03-17,17,0,336,5
DETROIT,2020-03-18,23,1,302,4
DETROIT,2020-03-19,119,3,288,31
DETROIT,2020-03-20,216,3,212,35
DETROIT,2020-03-21,349,4,37,176
DETROIT,2020-03-22,477,5,152,102
DETROIT,2020-03-23,638,8,75,164
DETROIT,2020-03-24,873,13,208,20
DETROIT,2020-03-25,1122,21,182,4
DETROIT,2020-03-26,1389,26,154,13
DETROIT,2020-03-27,1810,37,39,173
DETROIT,2020-03-28,2316,46,68,132
DETROIT,2020-03-29,2704,56,166,2
DETROIT,2020-03-30,3195,83,183,5
DETROIT,2020-03-31,3735,120,49,112
DETROIT,2020-04-01,4470,146,34,153
DETROIT,2020-04-02,5069,194,27,122
DETROIT,2020-04-03,6096,223,24,120
DETROIT,2020-04-04,6762,252,100,32
DETROIT,2020-04-05,7518,293,29,76
DETROIT,2020-04-06,8270,346,103,9
DETROIT,2020-04-07,9045,402,143,112
DETROIT,2020-04-08,9626,446,116,117
DETROIT,2020-04-09,10093,504,73,111
DETROIT,2020-04-10,10539,609,116,97
DETROIT,2020-04-11,10951,652,114,90
DETROIT,2020-04-12,11164,704,98,97
DETROIT,2020-04-13,11648,760,52,99
DETROIT,2020-04-14,12209,820,91,103
DETROIT,2020-04-15,12544,884,92,78
DETROIT,2020-04-16,13002,981,96,83
DETROIT,2020-04-17,13233,1044,68,83
DETROIT,2020-04-18,13471,1070,90,73
DETROIT,2020-04-19,13692,1119,68,70
DETROIT,2020-04-20,13912,1148,80,74
DETROIT,2020-04-21,14255,1278,69,81
DETROIT,2020-04-22,14561,1319,100,91
HOUSTON,2020-03-05,4,0,502,467
HOUSTON,2020-03-06,5,0,495,446
HOUSTON,2020-03-07,5,0,460,425
HOUSTON,2020-03-08,6,0,463,459
HOUSTON,2020-03-09,6,0,478,481
HOUSTON,2020-03-10,7,0,489,448
HOUSTON,2020-03-11,7,0,485,476
HOUSTON,2020-03-12,9,0,480,472
HOUSTON,2020-03-13,10,0,482,449
HOUSTON,2020-03-14,11,0,441,404
HOUSTON,2020-03-15,13,0,467,416
HOUSTON,2020-03-16,13,0,457,429
HOUSTON,2020-03-17,16,0,480,433
HOUSTON,2020-03-18,28,0,448,404
HOUSTON,2020-03-19,35,1,422,391
HOUSTON,2020-03-20,55,1,379,362
HOUSTON,2020-03-21,68,1,334,290
HOUSTON,2020-03-22,74,1,282,248
HOUSTON,2020-03-23,78,1,299,240
HOUSTON,2020-03-24,134,1,304,289
HOUSTON,2020-03-25,185,1,297,261
HOUSTON,2020-03-26,203,2,254,231
HOUSTON,2020-03-27,229,2,193,178
HOUSTON,2020-03-28,445,3,168,163
HOUSTON,2020-03-29,526,4,209,186
HOUSTON,2020-03-30,563,7,196,184
HOUSTON,2020-03-31,680,6,232,184
HOUSTON,2020-04-01,847,6,209,184
HOUSTON,2020-04-02,895,10,175,157
HOUSTON,2020-04-03,1036,12,171,157
HOUSTON,2020-04-04,1284,17,120,130
HOUSTON,2020-04-05,1395,20,114,124
HOUSTON,2020-04-06,1809,22,170,170
HOUSTON,2020-04-07,2146,23,189,173
HOUSTON,2020-04-08,2341,31,183,145
HOUSTON,2020-04-09,3047,34,159,161
HOUSTON,2020-04-10,3261,40,188,147
HOUSTON,2020-04-11,3561,41,142,128
HOUSTON,2020-04-12,3629,44,135,117
HOUSTON,2020-04-13,3747,46,158,142
HOUSTON,2020-04-14,3907,52,148,138
HOUSTON,2020-04-15,4097,58,139,108
HOUSTON,2020-04-16,4306,63,121,95
HOUSTON,2020-04-17,4460,67,126,102
HOUSTON,2020-04-18,4653,71,112,90
HOUSTON,2020-04-19,4823,75,100,86
HOUSTON,2020-04-20,4977,78,112,96
HOUSTON,2020-04-21,5143,79,114,91
HOUSTON,2020-04-22,5211,80,111,93
INDIANAPOLIS,2020-03-06,1,0,14,5
INDIANAPOLIS,2020-03-07,1,0,1,9
INDIANAPOLIS,2020-03-08,1,0,1,17
INDIANAPOLIS,2020-03-09,1,0,1,26
INDIANAPOLIS,2020-03-10,1,0,4,25
INDIANAPOLIS,2020-03-11,1,0,2,18
INDIANAPOLIS,2020-03-12,2,0,1,15
INDIANAPOLIS,2020-03-15,6,0,1,9
INDIANAPOLIS,2020-03-17,9,1,2,5
INDIANAPOLIS,2020-03-20,25,2,1,44
INDIANAPOLIS,2020-03-21,46,2,1,14
INDIANAPOLIS,2020-03-27,484,8,1,5
INDIANAPOLIS,2020-03-28,584,10,1,9
INDIANAPOLIS,2020-03-31,964,17,1,3
INDIANAPOLIS,2020-04-01,1117,21,1,11
INDIANAPOLIS,2020-04-02,1304,24,1,3
INDIANAPOLIS,2020-04-07,2141,48,3,7
INDIANAPOLIS,2020-04-09,2415,81,2,4
INDIANAPOLIS,2020-04-10,2600,107,1,5
INDIANAPOLIS,2020-04-14,3063,141,1,5
INDIANAPOLIS,2020-04-16,3320,164,1,12
INDIANAPOLIS,2020-04-17,3518,182,1,10
INDIANAPOLIS,2020-04-19,3889,192,1,1
INDIANAPOLIS,2020-04-20,4052,192,24,19
INDIANAPOLIS,2020-04-21,4176,206,75,64
INDIANAPOLIS,2020-04-22,4263,214,65,75
LOS ANGELES,2020-01-26,1,0,388,428
LOS ANGELES,2020-01-27,1,0,551,596
LOS ANGELES,2020-01-28,1,0,577,622
LOS ANGELES,2020-01-29,1,0,521,569
LOS ANGELES,2020-01-30,1,0,548,599
LOS ANGELES,2020-01-31,1,0,458,520
LOS ANGELES,2020-02-01,1,0,532,588
LOS ANGELES,2020-02-02,1,0,478,508
LOS ANGELES,2020-02-03,1,0,529,595
LOS ANGELES,2020-02-04,1,0,545,626
LOS ANGELES,2020-02-05,1,0,518,592
LOS ANGELES,2020-02-06,1,0,547,618
LOS ANGELES,2020-02-07,1,0,593,627
LOS ANGELES,2020-02-08,1,0,553,588
LOS ANGELES,2020-02-09,1,0,501,514
LOS ANGELES,2020-02-10,1,0,562,622
LOS ANGELES,2020-02-11,1,0,565,601
LOS ANGELES,2020-02-12,1,0,515,592
LOS ANGELES,2020-02-13,1,0,543,627
LOS ANGELES,2020-02-14,1,0,582,607
LOS ANGELES,2020-02-15,1,0,463,501
LOS ANGELES,2020-02-16,1,0,517,520
LOS ANGELES,2020-02-17,1,0,580,606
LOS ANGELES,2020-02-18,1,0,552,628
LOS ANGELES,2020-02-19,1,0,500,616
LOS ANGELES,2020-02-20,1,0,567,643
LOS ANGELES,2020-02-21,1,0,597,610
LOS ANGELES,2020-02-22,1,0,558,575
LOS ANGELES,2020-02-23,1,0,470,538
LOS ANGELES,2020-02-24,1,0,564,621
LOS ANGELES,2020-02-25,1,0,553,624
LOS ANGELES,2020-02-26,1,0,536,617
LOS ANGELES,2020-02-27,1,0,529,634
LOS ANGELES,2020-02-28,1,0,580,640
LOS ANGELES,2020-02-29,1,0,591,602
LOS ANGELES,2020-03-01,1,0,473,513
LOS ANGELES,2020-03-02,1,0,543,591
LOS ANGELES,2020-03-03,1,0,537,606
LOS ANGELES,2020-03-04,7,0,554,568
LOS ANGELES,2020-03-05,11,0,548,599
LOS ANGELES,2020-03-06,13,0,607,605
LOS ANGELES,2020-03-07,14,0,517,556
LOS ANGELES,2020-03-08,14,0,457,544
LOS ANGELES,2020-03-09,19,0,520,621
LOS ANGELES,2020-03-10,20,0,588,586
LOS ANGELES,2020-03-11,28,1,534,609
LOS ANGELES,2020-03-12,32,1,545,603
LOS ANGELES,2020-03-13,40,1,526,587
LOS ANGELES,2020-03-14,53,1,502,551
LOS ANGELES,2020-03-15,69,1,481,509
LOS ANGELES,2020-03-16,94,1,521,550
LOS ANGELES,2020-03-17,144,1,516,570
LOS ANGELES,2020-03-18,190,1,505,536
LOS ANGELES,2020-03-19,231,2,478,507
LOS ANGELES,2020-03-20,292,2,471,507
LOS ANGELES,2020-03-21,351,4,431,410
LOS ANGELES,2020-03-22,421,5,372,355
LOS ANGELES,2020-03-23,536,7,395,391
LOS ANGELES,2020-03-24,662,11,331,372
LOS ANGELES,2020-03-25,799,13,325,348
LOS ANGELES,2020-03-26,1216,21,329,347
LOS ANGELES,2020-03-27,1465,27,298,295
LOS ANGELES,2020-03-28,1804,33,301,284
LOS ANGELES,2020-03-29,2136,37,275,294
LOS ANGELES,2020-03-30,2474,44,290,293
LOS ANGELES,2020-03-31,3011,54,315,301
LOS ANGELES,2020-04-01,3518,65,284,276
LOS ANGELES,2020-04-02,4045,78,224,249
LOS ANGELES,2020-04-03,4566,89,221,222
LOS ANGELES,2020-04-04,5277,117,240,222
LOS ANGELES,2020-04-05,5940,132,208,208
LOS ANGELES,2020-04-06,6360,147,218,218
LOS ANGELES,2020-04-07,6910,169,192,207
LOS ANGELES,2020-04-08,7530,198,159,170
LOS ANGELES,2020-04-09,7955,223,173,157
LOS ANGELES,2020-04-10,8430,241,159,158
LOS ANGELES,2020-04-11,8873,265,116,135
LOS ANGELES,2020-04-12,9192,296,112,124
LOS ANGELES,2020-04-13,9420,320,132,139
LOS ANGELES,2020-04-14,10047,360,121,138
LOS ANGELES,2020-04-15,10496,402,134,140
LOS ANGELES,2020-04-16,10854,455,133,139
LOS ANGELES,2020-04-17,11391,495,125,138
LOS ANGELES,2020-04-18,12021,576,124,120
LOS ANGELES,2020-04-19,12341,600,105,123
LOS ANGELES,2020-04-20,13816,617,125,131
LOS ANGELES,2020-04-21,15140,663,110,136
LOS ANGELES,2020-04-22,16435,729,108,132
NASHVILLE,2020-03-08,1,0,182,178
NASHVILLE,2020-03-09,1,0,196,210
NASHVILLE,2020-03-10,1,0,198,183
NASHVILLE,2020-03-11,2,0,197,190
NASHVILLE,2020-03-12,6,0,204,197
NASHVILLE,2020-03-13,10,0,200,188
NASHVILLE,2020-03-14,14,0,189,160
NASHVILLE,2020-03-15,17,0,186,169
NASHVILLE,2020-03-16,25,0,191,174
NASHVILLE,2020-03-17,42,0,193,180
NASHVILLE,2020-03-18,58,0,190,170
NASHVILLE,2020-03-19,75,0,181,159
NASHVILLE,2020-03-20,110,0,164,149
NASHVILLE,2020-03-21,140,2,154,126
NASHVILLE,2020-03-22,167,2,118,101
NASHVILLE,2020-03-23,184,2,129,122
NASHVILLE,2020-03-24,253,2,122,119
NASHVILLE,2020-03-25,257,2,117,108
NASHVILLE,2020-03-26,293,2,121,100
NASHVILLE,2020-03-27,312,2,102,98
NASHVILLE,2020-03-28,376,2,110,83
NASHVILLE,2020-03-29,394,2,83,79
NASHVILLE,2020-03-30,443,3,98,86
NASHVILLE,2020-03-31,541,3,98,81
NASHVILLE,2020-04-01,673,4,89,87
NASHVILLE,2020-04-02,785,5,90,75
NASHVILLE,2020-04-03,808,6,89,81
NASHVILLE,2020-04-04,856,6,85,64
NASHVILLE,2020-04-05,924,6,70,66
NASHVILLE,2020-04-06,1034,7,73,76
NASHVILLE,2020-04-07,1075,9,74,73
NASHVILLE,2020-04-08,1140,13,60,65
NASHVILLE,2020-04-09,1140,13,68,59
NASHVILLE,2020-04-10,1224,13,75,60
NASHVILLE,2020-04-11,1256,13,49,48
NASHVILLE,2020-04-12,1348,13,50,37
NASHVILLE,2020-04-13,1385,16,64,62
NASHVILLE,2020-04-14,1457,18,55,53
NASHVILLE,2020-04-15,1492,18,51,53
NASHVILLE,2020-04-16,1560,19,55,53
NASHVILLE,2020-04-17,1597,20,46,50
NASHVILLE,2020-04-18,1680,20,47,38
NASHVILLE,2020-04-19,1751,20,46,34
NASHVILLE,2020-04-20,1751,20,47,46
NASHVILLE,2020-04-21,1936,22,43,45
NASHVILLE,2020-04-22,1962,22,46,48
NEW YORK CITY,2020-03-01,1,0,592,543
NEW YORK CITY,2020-03-02,1,0,756,727
NEW YORK CITY,2020-03-03,2,0,750,700
NEW YORK CITY,2020-03-04,2,0,754,688
NEW YORK CITY,2020-03-05,4,0,776,704
NEW YORK CITY,2020-03-06,5,0,751,686
NEW YORK CITY,2020-03-07,12,0,654,602
NEW YORK CITY,2020-03-08,14,0,617,599
NEW YORK CITY,2020-03-09,20,0,758,717
NEW YORK CITY,2020-03-10,37,0,746,706
NEW YORK CITY,2020-03-11,52,0,748,724
NEW YORK CITY,2020-03-12,96,0,751,727
NEW YORK CITY,2020-03-13,155,0,735,732
NEW YORK CITY,2020-03-14,269,1,632,587
NEW YORK CITY,2020-03-15,330,5,625,543
NEW YORK CITY,2020-03-16,464,7,707,664
NEW YORK CITY,2020-03-17,645,10,693,641
NEW YORK CITY,2020-03-18,1339,20,670,634
NEW YORK CITY,2020-03-19,2468,22,638,608
NEW YORK CITY,2020-03-20,4408,43,563,550
NEW YORK CITY,2020-03-21,6211,60,408,377
NEW YORK CITY,2020-03-22,9045,99,409,347
NEW YORK CITY,2020-03-23,12305,131,444,408
NEW YORK CITY,2020-03-24,14905,192,374,352
NEW YORK CITY,2020-03-25,20011,280,318,262
NEW YORK CITY,2020-03-26,23112,365,286,287
NEW YORK CITY,2020-03-27,25399,450,282,258
NEW YORK CITY,2020-03-28,30766,672,235,233
NEW YORK CITY,2020-03-29,33768,776,214,202
NEW YORK CITY,2020-03-30,38087,914,236,237
NEW YORK CITY,2020-03-31,43139,1096,234,213
NEW YORK CITY,2020-04-01,47440,1374,169,151
NEW YORK CITY,2020-04-02,51810,1562,146,140
NEW YORK CITY,2020-04-03,57160,1867,169,151
NEW YORK CITY,2020-04-04,63307,2254,131,126
NEW YORK CITY,2020-04-05,67552,2472,132,119
NEW YORK CITY,2020-04-06,68776,3485,120,138
NEW YORK CITY,2020-04-07,76876,4009,90,88
NEW YORK CITY,2020-04-08,81803,4571,104,88
NEW YORK CITY,2020-04-09,87028,5150,96,87
NEW YORK CITY,2020-04-10,92384,5663,102,87
NEW YORK CITY,2020-04-11,98308,6202,79,72
NEW YORK CITY,2020-04-12,103208,6717,81,75
NEW YORK CITY,2020-04-13,106764,7154,75,73
NEW YORK CITY,2020-04-14,110465,7690,83,74
NEW YORK CITY,2020-04-15,118302,8215,73,69
NEW YORK CITY,2020-04-16,123146,8632,63,57
NEW YORK CITY,2020-04-17,127352,8632,58,55
NEW YORK CITY,2020-04-18,131273,8632,59,45
NEW YORK CITY,2020-04-19,134446,9708,59,52
NEW YORK CITY,2020-04-20,136816,10009,62,54
NEW YORK CITY,2020-04-21,139335,10301,63,54
NEW YORK CITY,2020-04-22,142442,10614,60,56
PHILADELPHIA,2020-03-10,1,0,327,298
PHILADELPHIA,2020-03-11,1,0,310,303
PHILADELPHIA,2020-03-12,1,0,318,317
PHILADELPHIA,2020-03-13,3,0,313,300
PHILADELPHIA,2020-03-14,4,0,266,235
PHILADELPHIA,2020-03-15,8,0,259,232
PHILADELPHIA,2020-03-16,8,0,265,252
PHILADELPHIA,2020-03-17,10,0,294,277
PHILADELPHIA,2020-03-18,17,0,283,262
PHILADELPHIA,2020-03-19,33,0,285,263
PHILADELPHIA,2020-03-20,42,0,256,244
PHILADELPHIA,2020-03-21,69,0,200,181
PHILADELPHIA,2020-03-22,91,0,201,182
PHILADELPHIA,2020-03-23,128,0,201,168
PHILADELPHIA,2020-03-24,177,0,201,178
PHILADELPHIA,2020-03-25,257,1,183,150
PHILADELPHIA,2020-03-26,402,1,179,158
PHILADELPHIA,2020-03-27,530,2,167,153
PHILADELPHIA,2020-03-28,709,5,141,122
PHILADELPHIA,2020-03-29,865,5,139,128
PHILADELPHIA,2020-03-30,1072,7,127,113
PHILADELPHIA,2020-03-31,1315,14,170,125
PHILADELPHIA,2020-04-01,1478,14,160,138
PHILADELPHIA,2020-04-02,1852,14,156,135
PHILADELPHIA,2020-04-03,2284,14,139,123
PHILADELPHIA,2020-04-04,2610,24,124,98
PHILADELPHIA,2020-04-05,3135,28,117,103
PHILADELPHIA,2020-04-06,3611,28,122,101
PHILADELPHIA,2020-04-07,4012,58,157,127
PHILADELPHIA,2020-04-08,4456,86,142,122
PHILADELPHIA,2020-04-09,5029,86,140,125
PHILADELPHIA,2020-04-10,5521,110,130,117
PHILADELPHIA,2020-04-11,6022,130,91,83
PHILADELPHIA,2020-04-12,6352,128,89,92
PHILADELPHIA,2020-04-13,6810,127,113,101
PHILADELPHIA,2020-04-14,7130,206,135,116
PHILADELPHIA,2020-04-15,7441,222,123,111
PHILADELPHIA,2020-04-16,8045,264,110,109
PHILADELPHIA,2020-04-17,8563,298,103,101
PHILADELPHIA,2020-04-18,9014,342,60,60
PHILADELPHIA,2020-04-19,9214,365,88,64
PHILADELPHIA,2020-04-20,9553,370,77,66
PHILADELPHIA,2020-04-21,10028,394,105,95
PHILADELPHIA,2020-04-22,10643,419,105,102
PHOENIX,2020-01-26,1,0,347,318
PHOENIX,2020-01-27,1,0,459,403
PHOENIX,2020-01-28,1,0,447,406
PHOENIX,2020-01-29,1,0,426,367
PHOENIX,2020-01-30,1,0,450,413
PHOENIX,2020-01-31,1,0,410,376
PHOENIX,2020-02-01,1,0,445,393
PHOENIX,2020-02-02,1,0,383,364
PHOENIX,2020-02-03,1,0,436,419
PHOENIX,2020-02-04,1,0,451,420
PHOENIX,2020-02-05,1,0,415,385
PHOENIX,2020-02-06,1,0,449,414
PHOENIX,2020-02-07,1,0,467,440
PHOENIX,2020-02-08,1,0,433,395
PHOENIX,2020-02-09,1,0,390,382
PHOENIX,2020-02-10,1,0,461,433
PHOENIX,2020-02-11,1,0,452,413
PHOENIX,2020-02-12,1,0,436,391
PHOENIX,2020-02-13,1,0,451,428
PHOENIX,2020-02-14,1,0,481,432
PHOENIX,2020-02-15,1,0,402,376
PHOENIX,2020-02-16,1,0,422,399
PHOENIX,2020-02-17,1,0,474,440
PHOENIX,2020-02-18,1,0,486,440
PHOENIX,2020-02-19,1,0,465,432
PHOENIX,2020-02-20,1,0,475,425
PHOENIX,2020-02-21,1,0,478,425
PHOENIX,2020-02-22,1,0,459,406
PHOENIX,2020-02-23,1,0,417,424
PHOENIX,2020-02-24,1,0,481,444
PHOENIX,2020-02-25,1,0,469,427
PHOENIX,2020-02-26,1,0,464,417
PHOENIX,2020-02-27,1,0,467,430
PHOENIX,2020-02-28,1,0,493,446
PHOENIX,2020-02-29,1,0,471,425
PHOENIX,2020-03-01,1,0,393,394
PHOENIX,2020-03-02,1,0,457,439
PHOENIX,2020-03-03,2,0,453,440
PHOENIX,2020-03-04,2,0,451,425
PHOENIX,2020-03-05,2,0,468,434
PHOENIX,2020-03-06,2,0,479,433
PHOENIX,2020-03-07,2,0,473,420
PHOENIX,2020-03-08,2,0,464,465
PHOENIX,2020-03-09,2,0,493,477
PHOENIX,2020-03-10,2,0,463,427
PHOENIX,2020-03-11,3,0,444,420
PHOENIX,2020-03-12,3,0,458,455
PHOENIX,2020-03-13,3,0,468,414
PHOENIX,2020-03-14,4,0,482,430
PHOENIX,2020-03-15,4,0,462,430
PHOENIX,2020-03-16,8,0,469,417
PHOENIX,2020-03-17,9,0,459,410
PHOENIX,2020-03-18,11,0,400,364
PHOENIX,2020-03-19,22,0,421,362
PHOENIX,2020-03-20,34,1,435,382
PHOENIX,2020-03-21,49,1,401,327
PHOENIX,2020-03-22,81,2,371,337
PHOENIX,2020-03-23,139,2,359,301
PHOENIX,2020-03-24,199,2,329,285
PHOENIX,2020-03-25,251,2,310,261
PHOENIX,2020-03-26,299,4,310,289
PHOENIX,2020-03-27,399,5,269,244
PHOENIX,2020-03-28,454,5,263,218
PHOENIX,2020-03-29,546,5,243,239
PHOENIX,2020-03-30,690,5,266,221
PHOENIX,2020-03-31,791,8,209,195
PHOENIX,2020-04-01,871,8,265,205
PHOENIX,2020-04-02,961,12,230,210
PHOENIX,2020-04-03,1049,17,211,185
PHOENIX,2020-04-04,1171,28,227,190
PHOENIX,2020-04-05,1326,31,201,184
PHOENIX,2020-04-06,1433,31,228,204
PHOENIX,2020-04-07,1495,35,199,184
PHOENIX,2020-04-08,1559,37,192,160
PHOENIX,2020-04-09,1689,39,205,172
PHOENIX,2020-04-10,1741,41,186,164
PHOENIX,2020-04-11,1891,47,181,147
PHOENIX,2020-04-12,1960,48,132,128
PHOENIX,2020-04-13,2020,52,190,160
PHOENIX,2020-04-14,2056,54,179,164
PHOENIX,2020-04-15,2146,60,157,135
PHOENIX,2020-04-16,2264,64,150,137
PHOENIX,2020-04-17,2404,69,155,132
PHOENIX,2020-04-18,2491,70,143,106
PHOENIX,2020-04-19,2589,75,124,114
PHOENIX,2020-04-20,2636,75,127,118
PHOENIX,2020-04-21,2738,84,135,132
PHOENIX,2020-04-22,2846,97,127,106
SALT LAKE CITY,2020-02-25,1,0,4,10
SALT LAKE CITY,2020-02-26,1,0,87,38
SALT LAKE CITY,2020-02-27,1,0,60,36
SALT LAKE CITY,2020-02-28,1,0,94,33
SALT LAKE CITY,2020-02-29,1,0,117,43
SALT LAKE CITY,2020-03-01,1,0,42,10
SALT LAKE CITY,2020-03-02,1,0,6,7
SALT LAKE CITY,2020-03-03,1,0,78,40
SALT LAKE CITY,2020-03-04,1,0,83,29
SALT LAKE CITY,2020-03-05,1,0,110,30
SALT LAKE CITY,2020-03-06,1,0,117,60
SALT LAKE CITY,2020-03-07,1,0,99,43
SALT LAKE CITY,2020-03-08,1,0,35,19
SALT LAKE CITY,2020-03-09,1,0,107,45
SALT LAKE CITY,2020-03-10,1,0,41,27
SALT LAKE CITY,2020-03-11,2,0,39,40
SALT LAKE CITY,2020-03-12,4,0,30,31
SALT LAKE CITY,2020-03-13,4,0,51,15
SALT LAKE CITY,2020-03-14,15,0,117,68
SALT LAKE CITY,2020-03-15,15,0,97,70
SALT LAKE CITY,2020-03-16,20,0,114,64
SALT LAKE CITY,2020-03-17,23,0,111,62
SALT LAKE CITY,2020-03-18,24,0,46,33
SALT LAKE CITY,2020-03-19,31,0,3,12
SALT LAKE CITY,2020-03-20,46,0,29,33
SALT LAKE CITY,2020-03-21,60,0,77,52
SALT LAKE CITY,2020-03-22,84,0,27,42
SALT LAKE CITY,2020-03-23,112,0,56,49
SALT LAKE CITY,2020-03-24,127,0,76,64
SALT LAKE CITY,2020-03-25,151,0,19,21
SALT LAKE CITY,2020-03-26,181,0,3,6
SALT LAKE CITY,2020-03-27,212,0,35,26
SALT LAKE CITY,2020-03-28,276,0,27,27
SALT LAKE CITY,2020-03-29,324,0,76,44
SALT LAKE CITY,2020-03-30,363,0,30,37
SALT LAKE CITY,2020-03-31,396,0,53,48
SALT LAKE CITY,2020-04-01,444,1,20,24
SALT LAKE CITY,2020-04-02,476,1,1,14
SALT LAKE CITY,2020-04-03,541,1,34,35
SALT LAKE CITY,2020-04-04,650,1,36,30
SALT LAKE CITY,2020-04-05,741,1,41,38
SALT LAKE CITY,2020-04-06,741,1,64,57
SALT LAKE CITY,2020-04-07,807,1,45,57
SALT LAKE CITY,2020-04-08,868,7,17,34
SALT LAKE CITY,2020-04-09,935,7,37,41
SALT LAKE CITY,2020-04-10,1011,7,45,40
SALT LAKE CITY,2020-04-11,1071,7,28,23
SALT LAKE CITY,2020-04-13,1157,7,2,7
SALT LAKE CITY,2020-04-14,1187,7,25,32
SALT LAKE CITY,2020-04-15,1285,7,19,19
SALT LAKE CITY,2020-04-17,1456,12,18,21
SALT LAKE CITY,2020-04-18,1547,13,12,15
SALT LAKE CITY,2020-04-19,1615,15,18,16
SALT LAKE CITY,2020-04-20,1671,15,23,22
SALT LAKE CITY,2020-04-21,1714,18,13,11
SALT LAKE CITY,2020-04-22,1795,19,5,16
SAN ANTONIO,2020-02-12,1,0,102,102
SAN ANTONIO,2020-02-13,2,0,106,104
SAN ANTONIO,2020-02-14,2,0,108,104
SAN ANTONIO,2020-02-15,2,0,59,84
SAN ANTONIO,2020-02-16,2,0,59,84
SAN ANTONIO,2020-02-17,2,0,88,102
SAN ANTONIO,2020-02-18,2,0,85,106
SAN ANTONIO,2020-02-19,2,0,105,99
SAN ANTONIO,2020-02-20,2,0,112,104
SAN ANTONIO,2020-02-21,4,0,106,102
SAN ANTONIO,2020-02-22,4,0,70,96
SAN ANTONIO,2020-02-23,4,0,64,81
SAN ANTONIO,2020-02-24,10,0,91,94
SAN ANTONIO,2020-02-25,10,0,103,109
SAN ANTONIO,2020-02-26,10,0,101,99
SAN ANTONIO,2020-02-27,10,0,103,102
SAN ANTONIO,2020-02-28,11,0,88,102
SAN ANTONIO,2020-02-29,11,0,66,89
SAN ANTONIO,2020-03-01,11,0,61,80
SAN ANTONIO,2020-03-02,11,0,74,99
SAN ANTONIO,2020-03-03,11,0,91,105
SAN ANTONIO,2020-03-04,11,0,96,94
SAN ANTONIO,2020-03-05,11,0,111,105
SAN ANTONIO,2020-03-06,11,0,109,105
SAN ANTONIO,2020-03-07,11,0,83,88
SAN ANTONIO,2020-03-08,11,0,74,94
SAN ANTONIO,2020-03-09,11,0,86,106
SAN ANTONIO,2020-03-10,11,0,71,98
SAN ANTONIO,2020-03-11,11,0,77,109
SAN ANTONIO,2020-03-12,11,0,74,108
SAN ANTONIO,2020-03-13,11,0,86,109
SAN ANTONIO,2020-03-14,12,0,57,91
SAN ANTONIO,2020-03-15,12,0,93,95
SAN ANTONIO,2020-03-16,13,0,63,88
SAN ANTONIO,2020-03-17,13,0,94,105
SAN ANTONIO,2020-03-18,13,0,83,90
SAN ANTONIO,2020-03-19,17,0,65,84
SAN ANTONIO,2020-03-20,40,0,78,86
SAN ANTONIO,2020-03-21,50,0,74,73
SAN ANTONIO,2020-03-22,50,1,53,69
SAN ANTONIO,2020-03-23,50,1,36,58
SAN ANTONIO,2020-03-24,68,1,56,69
SAN ANTONIO,2020-03-25,69,1,55,63
SAN ANTONIO,2020-03-26,84,3,50,54
SAN ANTONIO,2020-03-27,113,5,44,53
SAN ANTONIO,2020-03-28,125,5,40,50
SAN ANTONIO,2020-03-29,140,5,41,43
SAN ANTONIO,2020-03-30,157,5,33,41
SAN ANTONIO,2020-03-31,207,9,46,51
SAN ANTONIO,2020-04-01,229,9,49,45
SAN ANTONIO,2020-04-02,254,9,40,41
SAN ANTONIO,2020-04-03,342,10,41,41
SAN ANTONIO,2020-04-04,395,11,43,39
SAN ANTONIO,2020-04-05,421,11,36,32
SAN ANTONIO,2020-04-06,467,12,40,50
SAN ANTONIO,2020-04-07,514,18,37,37
SAN ANTONIO,2020-04-08,514,18,24,45
SAN ANTONIO,2020-04-09,626,22,32,43
SAN ANTONIO,2020-04-10,676,24,41,43
SAN ANTONIO,2020-04-11,723,24,30,28
SAN ANTONIO,2020-04-12,734,27,20,29
SAN ANTONIO,2020-04-13,783,27,35,39
SAN ANTONIO,2020-04-14,805,33,37,37
SAN ANTONIO,2020-04-15,901,37,32,31
SAN ANTONIO,2020-04-16,901,37,33,32
SAN ANTONIO,2020-04-17,970,37,35,32
SAN ANTONIO,2020-04-18,1003,38,28,22
SAN ANTONIO,2020-04-19,1015,39,27,26
SAN ANTONIO,2020-04-20,1040,39,24,26
SAN ANTONIO,2020-04-21,1080,39,26,29
SAN ANTONIO,2020-04-22,1126,39,22,30
SAN DIEGO,2020-02-10,1,0,239,245
SAN DIEGO,2020-02-11,1,0,245,231
SAN DIEGO,2020-02-12,1,0,232,226
SAN DIEGO,2020-02-13,1,0,241,237
SAN DIEGO,2020-02-14,1,0,255,235
SAN DIEGO,2020-02-15,1,0,197,186
SAN DIEGO,2020-02-16,1,0,200,195
SAN DIEGO,2020-02-17,1,0,228,238
SAN DIEGO,2020-02-18,1,0,253,240
SAN DIEGO,2020-02-19,1,0,239,238
SAN DIEGO,2020-02-20,1,0,240,233
SAN DIEGO,2020-02-21,1,0,251,230
SAN DIEGO,2020-02-22,1,0,228,215
SAN DIEGO,2020-02-23,1,0,213,201
SAN DIEGO,2020-02-24,1,0,245,245
SAN DIEGO,2020-02-25,1,0,241,241
SAN DIEGO,2020-02-26,1,0,239,231
SAN DIEGO,2020-02-27,1,0,244,237
SAN DIEGO,2020-02-28,1,0,248,244
SAN DIEGO,2020-02-29,1,0,224,230
SAN DIEGO,2020-03-01,1,0,201,190
SAN DIEGO,2020-03-02,1,0,230,238
SAN DIEGO,2020-03-03,1,0,233,239
SAN DIEGO,2020-03-04,1,0,230,235
SAN DIEGO,2020-03-05,1,0,238,235
SAN DIEGO,2020-03-06,1,0,249,233
SAN DIEGO,2020-03-07,1,0,216,219
SAN DIEGO,2020-03-08,1,0,215,211
SAN DIEGO,2020-03-09,2,0,227,239
SAN DIEGO,2020-03-10,2,0,232,223
SAN DIEGO,2020-03-11,2,0,230,236
SAN DIEGO,2020-03-12,5,0,236,229
SAN DIEGO,2020-03-13,9,0,238,234
SAN DIEGO,2020-03-14,10,0,226,205
SAN DIEGO,2020-03-15,40,0,218,207
SAN DIEGO,2020-03-16,56,0,229,206
SAN DIEGO,2020-03-17,61,0,234,235
SAN DIEGO,2020-03-18,81,0,225,209
SAN DIEGO,2020-03-19,105,0,216,211
SAN DIEGO,2020-03-20,131,0,208,210
SAN DIEGO,2020-03-21,159,0,170,166
SAN DIEGO,2020-03-22,205,0,163,146
SAN DIEGO,2020-03-23,230,0,152,150
SAN DIEGO,2020-03-24,242,1,157,145
SAN DIEGO,2020-03-25,297,2,161,153
SAN DIEGO,2020-03-26,341,3,156,153
SAN DIEGO,2020-03-27,417,5,141,144
SAN DIEGO,2020-03-28,488,7,114,116
SAN DIEGO,2020-03-29,519,7,126,109
SAN DIEGO,2020-03-30,603,7,121,113
SAN DIEGO,2020-03-31,734,9,118,120
SAN DIEGO,2020-04-01,849,15,113,100
SAN DIEGO,2020-04-02,966,16,95,93
SAN DIEGO,2020-04-03,1112,17,106,86
SAN DIEGO,2020-04-04,1209,18,84,80
SAN DIEGO,2020-04-05,1326,19,79,71
SAN DIEGO,2020-04-06,1404,19,89,89
SAN DIEGO,2020-04-07,1454,31,87,81
SAN DIEGO,2020-04-08,1530,36,84,75
SAN DIEGO,2020-04-09,1628,40,82,82
SAN DIEGO,2020-04-10,1696,44,82,73
SAN DIEGO,2020-04-11,1761,45,70,70
SAN DIEGO,2020-04-12,1804,45,54,56
SAN DIEGO,2020-04-13,1847,47,78,77
SAN DIEGO,2020-04-14,1930,53,82,73
SAN DIEGO,2020-04-15,2012,60,69,64
SAN DIEGO,2020-04-16,2087,63,72,65
SAN DIEGO,2020-04-17,2158,70,63,66
SAN DIEGO,2020-04-18,2213,71,64,69
SAN DIEGO,2020-04-19,2268,71,61,51
SAN DIEGO,2020-04-20,2325,72,59,59
SAN DIEGO,2020-04-21,2434,87,58,62
SAN DIEGO,2020-04-22,2491,96,57,60
SAN FRANCISCO,2020-02-02,2,0,366,340
SAN FRANCISCO,2020-02-03,2,0,420,393
SAN FRANCISCO,2020-02-04,2,0,421,399
SAN FRANCISCO,2020-02-05,2,0,408,384
SAN FRANCISCO,2020-02-06,2,0,415,386
SAN FRANCISCO,2020-02-07,2,0,406,381
SAN FRANCISCO,2020-02-08,2,0,433,408
SAN FRANCISCO,2020-02-09,2,0,331,326
SAN FRANCISCO,2020-02-10,2,0,451,404
SAN FRANCISCO,2020-02-11,2,0,428,391
SAN FRANCISCO,2020-02-12,2,0,413,379
SAN FRANCISCO,2020-02-13,2,0,414,409
SAN FRANCISCO,2020-02-14,2,0,451,395
SAN FRANCISCO,2020-02-15,2,0,351,330
SAN FRANCISCO,2020-02-16,2,0,370,344
SAN FRANCISCO,2020-02-17,2,0,438,388
SAN FRANCISCO,2020-02-18,2,0,447,392
SAN FRANCISCO,2020-02-19,2,0,426,390
SAN FRANCISCO,2020-02-20,2,0,447,402
SAN FRANCISCO,2020-02-21,2,0,448,393
SAN FRANCISCO,2020-02-22,2,0,426,387
SAN FRANCISCO,2020-02-23,2,0,379,352
SAN FRANCISCO,2020-02-24,3,0,443,416
SAN FRANCISCO,2020-02-25,3,0,441,403
SAN FRANCISCO,2020-02-26,3,0,442,393
SAN FRANCISCO,2020-02-27,3,0,444,414
SAN FRANCISCO,2020-02-28,3,0,459,419
SAN FRANCISCO,2020-02-29,3,0,443,401
SAN FRANCISCO,2020-03-01,3,0,370,338
SAN FRANCISCO,2020-03-02,3,0,429,403
SAN FRANCISCO,2020-03-03,3,0,425,394
SAN FRANCISCO,2020-03-04,3,0,404,390
SAN FRANCISCO,2020-03-05,5,0,430,394
SAN FRANCISCO,2020-03-06,5,0,444,414
SAN FRANCISCO,2020-03-07,11,0,410,399
SAN FRANCISCO,2020-03-08,11,0,383,378
SAN FRANCISCO,2020-03-09,16,0,412,406
SAN FRANCISCO,2020-03-10,17,0,420,379
SAN FRANCISCO,2020-03-11,17,0,409,391
SAN FRANCISCO,2020-03-12,21,0,425,398
SAN FRANCISCO,2020-03-13,26,0,419,391
SAN FRANCISCO,2020-03-14,31,0,388,375
SAN FRANCISCO,2020-03-15,37,0,369,344
SAN FRANCISCO,2020-03-16,43,0,382,371
SAN FRANCISCO,2020-03-17,46,0,391,369
SAN FRANCISCO,2020-03-18,51,0,364,351
SAN FRANCISCO,2020-03-19,73,0,348,310
SAN FRANCISCO,2020-03-20,79,0,342,323
SAN FRANCISCO,2020-03-21,84,0,308,276
SAN FRANCISCO,2020-03-22,111,0,243,230
SAN FRANCISCO,2020-03-23,134,0,238,234
SAN FRANCISCO,2020-03-24,152,0,225,216
SAN FRANCISCO,2020-03-25,181,1,218,192
SAN FRANCISCO,2020-03-26,226,2,191,181
SAN FRANCISCO,2020-03-27,282,3,187,177
SAN FRANCISCO,2020-03-28,308,4,185,176
SAN FRANCISCO,2020-03-29,343,5,177,158
SAN FRANCISCO,2020-03-30,374,6,179,155
SAN FRANCISCO,2020-03-31,400,6,175,160
SAN FRANCISCO,2020-04-01,437,7,134,130
SAN FRANCISCO,2020-04-02,450,7,106,100
SAN FRANCISCO,2020-04-03,500,7,100,100
SAN FRANCISCO,2020-04-04,529,8,108,107
SAN FRANCISCO,2020-04-05,571,8,93,84
SAN FRANCISCO,2020-04-06,586,9,112,101
SAN FRANCISCO,2020-04-07,622,9,101,101
SAN FRANCISCO,2020-04-08,679,10,94,91
SAN FRANCISCO,2020-04-09,727,10,105,98
SAN FRANCISCO,2020-04-10,800,13,92,89
SAN FRANCISCO,2020-04-11,860,13,81,83
SAN FRANCISCO,2020-04-12,875,14,81,75
SAN FRANCISCO,2020-04-13,960,15,83,79
SAN FRANCISCO,2020-04-14,990,15,75,79
SAN FRANCISCO,2020-04-15,1016,17,91,75
SAN FRANCISCO,2020-04-16,1022,17,81,78
SAN FRANCISCO,2020-04-17,1061,20,75,74
SAN FRANCISCO,2020-04-18,1140,20,79,73
SAN FRANCISCO,2020-04-19,1160,20,76,69
SAN FRANCISCO,2020-04-20,1219,20,77,70
SAN FRANCISCO,2020-04-21,1234,20,68,68
SAN FRANCISCO,2020-04-22,1236,21,74,66
SAN JOSE,2020-01-31,1,0,191,169
SAN JOSE,2020-02-01,1,0,198,187
SAN JOSE,2020-02-02,2,0,153,146
SAN JOSE,2020-02-03,2,0,204,175
SAN JOSE,2020-02-04,2,0,214,216
SAN JOSE,2020-02-05,2,0,199,195
SAN JOSE,2020-02-06,2,0,217,202
SAN JOSE,2020-02-07,2,0,227,217
SAN JOSE,2020-02-08,2,0,186,193
SAN JOSE,2020-02-09,2,0,157,147
SAN JOSE,2020-02-10,2,0,200,188
SAN JOSE,2020-02-11,2,0,207,201
SAN JOSE,2020-02-12,2,0,207,197
SAN JOSE,2020-02-13,2,0,205,206
SAN JOSE,2020-02-14,2,0,222,209
SAN JOSE,2020-02-15,2,0,163,171
SAN JOSE,2020-02-16,2,0,167,156
SAN JOSE,2020-02-17,2,0,208,194
SAN JOSE,2020-02-18,2,0,212,201
SAN JOSE,2020-02-19,2,0,207,196
SAN JOSE,2020-02-20,2,0,216,197
SAN JOSE,2020-02-21,2,0,218,197
SAN JOSE,2020-02-22,2,0,197,188
SAN JOSE,2020-02-23,2,0,167,164
SAN JOSE,2020-02-24,2,0,219,209
SAN JOSE,2020-02-25,2,0,216,205
SAN JOSE,2020-02-26,2,0,210,193
SAN JOSE,2020-02-27,2,0,216,202
SAN JOSE,2020-02-28,3,0,212,205
SAN JOSE,2020-02-29,4,0,193,195
SAN JOSE,2020-03-01,7,0,163,165
SAN JOSE,2020-03-02,9,0,197,196
SAN JOSE,2020-03-03,11,0,197,202
SAN JOSE,2020-03-04,14,0,203,194
SAN JOSE,2020-03-05,20,0,197,200
SAN JOSE,2020-03-06,24,0,212,193
SAN JOSE,2020-03-07,32,0,182,175
SAN JOSE,2020-03-08,37,0,176,185
SAN JOSE,2020-03-09,43,1,201,202
SAN JOSE,2020-03-10,45,1,192,190
SAN JOSE,2020-03-11,48,1,197,194
SAN JOSE,2020-03-12,66,1,195,193
SAN JOSE,2020-03-13,79,2,189,197
SAN JOSE,2020-03-14,91,2,172,170
SAN JOSE,2020-03-15,114,2,162,169
SAN JOSE,2020-03-16,138,4,173,170
SAN JOSE,2020-03-17,155,5,184,189
SAN JOSE,2020-03-18,175,6,174,167
SAN JOSE,2020-03-19,189,6,158,152
SAN JOSE,2020-03-20,196,8,164,170
SAN JOSE,2020-03-21,263,8,136,138
SAN JOSE,2020-03-22,303,11,96,109
SAN JOSE,2020-03-23,321,11,118,128
SAN JOSE,2020-03-24,375,17,122,129
SAN JOSE,2020-03-25,459,18,111,113
SAN JOSE,2020-03-26,542,20,112,113
SAN JOSE,2020-03-27,574,21,88,95
SAN JOSE,2020-03-28,591,26,75,87
SAN JOSE,2020-03-29,646,26,75,67
SAN JOSE,2020-03-30,848,29,81,90
SAN JOSE,2020-03-31,890,31,76,71
SAN JOSE,2020-04-01,956,33,72,69
SAN JOSE,2020-04-02,1019,37,63,72
SAN JOSE,2020-04-03,1094,39,53,62
SAN JOSE,2020-04-04,1148,40,53,48
SAN JOSE,2020-04-05,1207,40,47,36
SAN JOSE,2020-04-06,1224,40,48,47
SAN JOSE,2020-04-07,1285,44,46,49
SAN JOSE,2020-04-08,1380,47,47,46
SAN JOSE,2020-04-09,1442,48,47,52
SAN JOSE,2020-04-10,1484,50,42,48
SAN JOSE,2020-04-11,1566,52,36,36
SAN JOSE,2020-04-12,1621,54,32,32
SAN JOSE,2020-04-13,1666,61,45,47
SAN JOSE,2020-04-14,1666,61,47,43
SAN JOSE,2020-04-15,1793,66,41,39
SAN JOSE,2020-04-16,1833,70,38,41
SAN JOSE,2020-04-17,1870,74,42,41
SAN JOSE,2020-04-18,1870,74,36,36
SAN JOSE,2020-04-19,1870,74,25,27
SAN JOSE,2020-04-20,1922,84,46,40
SAN JOSE,2020-04-21,1946,89,37,38
SAN JOSE,2020-04-22,1962,95,38,37
SEATTLE,2020-02-28,1,0,430,385
SEATTLE,2020-02-29,4,1,420,393
SEATTLE,2020-03-01,11,3,324,313
SEATTLE,2020-03-02,15,6,387,403
SEATTLE,2020-03-03,22,10,403,394
SEATTLE,2020-03-04,33,11,394,383
SEATTLE,2020-03-05,52,11,401,365
SEATTLE,2020-03-06,59,12,409,382
SEATTLE,2020-03-07,72,16,371,367
SEATTLE,2020-03-08,91,18,345,339
SEATTLE,2020-03-09,117,21,378,371
SEATTLE,2020-03-10,191,23,398,361
SEATTLE,2020-03-11,235,27,391,370
SEATTLE,2020-03-12,271,28,394,374
SEATTLE,2020-03-13,329,33,397,353
SEATTLE,2020-03-14,389,36,356,324
SEATTLE,2020-03-15,421,38,340,321
SEATTLE,2020-03-16,489,44,371,329
SEATTLE,2020-03-17,518,47,401,352
SEATTLE,2020-03-18,563,57,366,314
SEATTLE,2020-03-19,693,61,367,304
SEATTLE,2020-03-20,794,68,342,299
SEATTLE,2020-03-21,935,76,310,272
SEATTLE,2020-03-22,1036,77,252,229
SEATTLE,2020-03-23,1166,88,280,244
SEATTLE,2020-03-24,1278,95,285,250
SEATTLE,2020-03-25,1360,101,255,204
SEATTLE,2020-03-26,1579,111,247,234
SEATTLE,2020-03-27,1830,127,239,214
SEATTLE,2020-03-28,2079,138,218,199
SEATTLE,2020-03-29,2163,146,195,175
SEATTLE,2020-03-30,2332,152,218,208
SEATTLE,2020-03-31,2332,152,216,172
SEATTLE,2020-04-01,2498,166,200,173
SEATTLE,2020-04-02,2658,177,161,162
SEATTLE,2020-04-03,2789,188,163,144
SEATTLE,2020-04-04,2900,204,153,135
SEATTLE,2020-04-05,3169,210,142,120
SEATTLE,2020-04-06,3333,224,137,128
SEATTLE,2020-04-07,3488,232,166,141
SEATTLE,2020-04-08,3690,246,158,131
SEATTLE,2020-04-09,3888,260,150,125
SEATTLE,2020-04-10,4119,279,146,118
SEATTLE,2020-04-11,4264,286,119,111
SEATTLE,2020-04-12,4428,294,104,96
SEATTLE,2020-04-13,4551,298,114,105
SEATTLE,2020-04-14,4622,305,131,109
SEATTLE,2020-04-15,4699,314,120,106
SEATTLE,2020-04-16,4811,322,122,100
SEATTLE,2020-04-17,4904,333,116,99
SEATTLE,2020-04-18,5065,342,112,102
SEATTLE,2020-04-19,5174,348,106,100
SEATTLE,2020-04-20,5295,362,110,92
SEATTLE,2020-04-21,5381,374,120,104
SEATTLE,2020-04-22,5451,381,115,102
WASHINGTON,2020-03-07,1,0,453,429
WASHINGTON,2020-03-08,1,0,461,430
WASHINGTON,2020-03-09,4,0,522,501
WASHINGTON,2020-03-10,4,0,525,484
WASHINGTON,2020-03-11,10,0,500,492
WASHINGTON,2020-03-12,10,0,510,484
WASHINGTON,2020-03-13,10,0,515,476
WASHINGTON,2020-03-14,16,0,420,419
WASHINGTON,2020-03-15,17,0,457,392
WASHINGTON,2020-03-16,22,0,479,426
WASHINGTON,2020-03-17,31,0,485,441
WASHINGTON,2020-03-18,36,0,474,437
WASHINGTON,2020-03-19,39,0,462,404
WASHINGTON,2020-03-20,71,0,423,395
WASHINGTON,2020-03-21,77,1,312,283
WASHINGTON,2020-03-22,98,1,309,250
WASHINGTON,2020-03-23,116,2,294,234
WASHINGTON,2020-03-24,137,2,263,245
WASHINGTON,2020-03-25,183,2,248,207
WASHINGTON,2020-03-26,231,3,238,187
WASHINGTON,2020-03-27,267,3,211,187
WASHINGTON,2020-03-28,304,4,177,154
WASHINGTON,2020-03-29,342,5,204,162
WASHINGTON,2020-03-30,401,9,202,171
WASHINGTON,2020-03-31,495,9,210,166
WASHINGTON,2020-04-01,586,11,230,178
WASHINGTON,2020-04-02,653,12,178,158
WASHINGTON,2020-04-03,757,15,188,156
WASHINGTON,2020-04-04,902,21,142,137
WASHINGTON,2020-04-05,998,22,140,110
WASHINGTON,2020-04-06,1097,24,151,134
WASHINGTON,2020-04-07,1211,24,138,142
WASHINGTON,2020-04-08,1440,27,155,143
WASHINGTON,2020-04-09,1523,32,139,128
WASHINGTON,2020-04-10,1660,38,138,126
WASHINGTON,2020-04-11,1778,47,129,119
WASHINGTON,2020-04-12,1875,50,119,108
WASHINGTON,2020-04-13,1955,52,137,130
WASHINGTON,2020-04-14,2058,67,132,123
WASHINGTON,2020-04-15,2197,72,127,110
WASHINGTON,2020-04-16,2350,81,108,102
WASHINGTON,2020-04-17,2476,86,107,96
WASHINGTON,2020-04-18,2666,91,98,81
WASHINGTON,2020-04-19,2793,96,96,81
WASHINGTON,2020-04-20,2927,105,108,87
WASHINGTON,2020-04-21,3098,112,98,94
WASHINGTON,2020-04-22,3206,127,104,101
