City,Date,Cases,Deaths
Allegheny,2020-03-14,1,0
Allegheny,2020-03-15,3,0
Allegheny,2020-03-16,5,0
Allegheny,2020-03-17,10,0
Allegheny,2020-03-18,12,0
Allegheny,2020-03-19,18,0
Allegheny,2020-03-20,28,0
Allegheny,2020-03-21,31,1
Allegheny,2020-03-22,40,1
Allegheny,2020-03-23,48,1
Allegheny,2020-03-24,58,2
Allegheny,2020-03-25,88,2
Allegheny,2020-03-26,133,2
Allegheny,2020-03-27,158,2
Allegheny,2020-03-28,219,2
Allegheny,2020-03-29,265,2
Allegheny,2020-03-30,290,2
Allegheny,2020-03-31,325,2
Allegheny,2020-04-01,356,2
Allegheny,2020-04-02,419,2
Allegheny,2020-04-03,476,2
Allegheny,2020-04-04,552,3
Allegheny,2020-04-05,605,4
Allegheny,2020-04-06,642,4
Allegheny,2020-04-07,689,6
Allegheny,2020-04-08,720,10
Allegheny,2020-04-09,759,12
Allegheny,2020-04-10,788,18
Allegheny,2020-04-11,836,19
Allegheny,2020-04-12,857,19
Allegheny,2020-04-13,876,21
Allegheny,2020-04-14,893,24
Allegheny,2020-04-15,904,26
Allegheny,2020-04-16,925,38
Allegheny,2020-04-17,947,43
Allegheny,2020-04-18,1009,47
Allegheny,2020-04-19,1035,50
Allegheny,2020-04-20,1042,55
Allegheny,2020-04-21,1059,67
Allegheny,2020-04-22,1088,74
Allegheny,2020-04-23,1149,69
Allegheny,2020-04-24,1177,71
Allegheny,2020-04-25,1198,73
Allegheny,2020-04-26,1211,73
Allegheny,2020-04-27,1224,79
Allegheny,2020-04-28,1235,87
Allegheny,2020-04-29,1273,86
Allegheny,2020-04-30,1289,94
Baltimore city,2020-03-15,1,0
Baltimore city,2020-03-16,1,0
Baltimore city,2020-03-17,3,0
Baltimore city,2020-03-18,7,0
Baltimore city,2020-03-19,7,0
Baltimore city,2020-03-20,11,0
Baltimore city,2020-03-21,15,0
Baltimore city,2020-03-22,24,0
Baltimore city,2020-03-23,31,0
Baltimore city,2020-03-24,41,0
Baltimore city,2020-03-25,53,0
Baltimore city,2020-03-26,72,0
Baltimore city,2020-03-27,103,0
Baltimore city,2020-03-28,112,2
Baltimore city,2020-03-29,129,2
Baltimore city,2020-03-30,152,2
Baltimore city,2020-03-31,187,2
Baltimore city,2020-04-01,187,2
Baltimore city,2020-04-02,265,2
Baltimore city,2020-04-03,313,4
Baltimore city,2020-04-04,343,6
Baltimore city,2020-04-05,394,7
Baltimore city,2020-04-06,435,8
Baltimore city,2020-04-07,459,9
Baltimore city,2020-04-08,571,10
Baltimore city,2020-04-09,638,13
Baltimore city,2020-04-10,689,17
Baltimore city,2020-04-11,756,22
Baltimore city,2020-04-12,812,24
Baltimore city,2020-04-13,873,26
Baltimore city,2020-04-14,962,29
Baltimore city,2020-04-15,1060,26
Baltimore city,2020-04-16,1160,31
Baltimore city,2020-04-17,1273,38
Baltimore city,2020-04-18,1378,40
Baltimore city,2020-04-19,1392,46
Baltimore city,2020-04-20,1511,49
Baltimore city,2020-04-21,1542,54
Baltimore city,2020-04-22,1602,58
Baltimore city,2020-04-23,1672,60
Baltimore city,2020-04-24,1728,65
Baltimore city,2020-04-25,1791,72
Baltimore city,2020-04-26,1866,73
Baltimore city,2020-04-27,1933,82
Baltimore city,2020-04-28,1977,83
Baltimore city,2020-04-29,2014,94
Baltimore city,2020-04-30,2068,104
Bexar,2020-02-12,1,0
Bexar,2020-02-13,2,0
Bexar,2020-02-14,2,0
Bexar,2020-02-15,2,0
Bexar,2020-02-16,2,0
Bexar,2020-02-17,2,0
Bexar,2020-02-18,2,0
Bexar,2020-02-19,2,0
Bexar,2020-02-20,2,0
Bexar,2020-02-21,4,0
Bexar,2020-02-22,4,0
Bexar,2020-02-23,4,0
Bexar,2020-02-24,10,0
Bexar,2020-02-25,10,0
Bexar,2020-02-26,10,0
Bexar,2020-02-27,10,0
Bexar,2020-02-28,11,0
Bexar,2020-02-29,11,0
Bexar,2020-03-01,11,0
Bexar,2020-03-02,11,0
Bexar,2020-03-03,11,0
Bexar,2020-03-04,11,0
Bexar,2020-03-05,11,0
Bexar,2020-03-06,11,0
Bexar,2020-03-07,11,0
Bexar,2020-03-08,11,0
Bexar,2020-03-09,11,0
Bexar,2020-03-10,11,0
Bexar,2020-03-11,11,0
Bexar,2020-03-12,11,0
Bexar,2020-03-13,11,0
Bexar,2020-03-14,12,0
Bexar,2020-03-15,12,0
Bexar,2020-03-16,13,0
Bexar,2020-03-17,13,0
Bexar,2020-03-18,13,0
Bexar,2020-03-19,17,0
Bexar,2020-03-20,40,0
Bexar,2020-03-21,50,0
Bexar,2020-03-22,50,1
Bexar,2020-03-23,50,1
Bexar,2020-03-24,68,1
Bexar,2020-03-25,69,1
Bexar,2020-03-26,84,3
Bexar,2020-03-27,113,5
Bexar,2020-03-28,125,5
Bexar,2020-03-29,140,5
Bexar,2020-03-30,157,5
Bexar,2020-03-31,207,9
Bexar,2020-04-01,229,9
Bexar,2020-04-02,254,9
Bexar,2020-04-03,342,10
Bexar,2020-04-04,395,11
Bexar,2020-04-05,421,11
Bexar,2020-04-06,467,12
Bexar,2020-04-07,514,18
Bexar,2020-04-08,514,18
Bexar,2020-04-09,626,22
Bexar,2020-04-10,676,24
Bexar,2020-04-11,723,24
Bexar,2020-04-12,734,27
Bexar,2020-04-13,783,27
Bexar,2020-04-14,805,33
Bexar,2020-04-15,901,37
Bexar,2020-04-16,901,37
Bexar,2020-04-17,970,37
Bexar,2020-04-18,1003,38
Bexar,2020-04-19,1015,39
Bexar,2020-04-20,1040,39
Bexar,2020-04-21,1080,39
Bexar,2020-04-22,1126,39
Bexar,2020-04-23,1178,43
Bexar,2020-04-24,1206,43
Bexar,2020-04-25,1243,43
Bexar,2020-04-26,1254,43
Bexar,2020-04-27,1287,44
Bexar,2020-04-28,1307,44
Bexar,2020-04-29,1326,46
Bexar,2020-04-30,1374,48
Clark,2020-03-05,1,0
Clark,2020-03-06,1,0
Clark,2020-03-07,1,0
Clark,2020-03-08,2,0
Clark,2020-03-09,2,0
Clark,2020-03-10,2,0
Clark,2020-03-11,5,0
Clark,2020-03-12,8,0
Clark,2020-03-13,16,0
Clark,2020-03-14,16,0
Clark,2020-03-15,16,0
Clark,2020-03-16,35,1
Clark,2020-03-17,42,1
Clark,2020-03-18,69,1
Clark,2020-03-19,74,1
Clark,2020-03-20,126,2
Clark,2020-03-21,126,2
Clark,2020-03-22,126,2
Clark,2020-03-23,151,4
Clark,2020-03-24,249,6
Clark,2020-03-25,249,6
Clark,2020-03-26,350,10
Clark,2020-03-27,443,10
Clark,2020-03-28,528,14
Clark,2020-03-29,528,14
Clark,2020-03-30,753,15
Clark,2020-03-31,869,23
Clark,2020-04-01,961,28
Clark,2020-04-02,1125,34
Clark,2020-04-03,1279,39
Clark,2020-04-04,1418,41
Clark,2020-04-05,1519,41
Clark,2020-04-06,1608,41
Clark,2020-04-07,1734,54
Clark,2020-04-08,1878,65
Clark,2020-04-09,2009,71
Clark,2020-04-10,2144,75
Clark,2020-04-11,2258,96
Clark,2020-04-12,2324,100
Clark,2020-04-13,2444,101
Clark,2020-04-14,2509,106
Clark,2020-04-15,2559,115
Clark,2020-04-16,2625,121
Clark,2020-04-17,2738,124
Clark,2020-04-18,2882,133
Clark,2020-04-19,2940,137
Clark,2020-04-20,2998,137
Clark,2020-04-21,3099,141
Clark,2020-04-22,3218,150
Clark,2020-04-23,3314,163
Clark,2020-04-24,3443,168
Clark,2020-04-25,3570,174
Clark,2020-04-26,3665,174
Clark,2020-04-27,3717,174
Clark,2020-04-28,3793,186
Clark,2020-04-29,3891,196
Clark,2020-04-30,3979,202
Cook,2020-01-24,1,0
Cook,2020-01-25,1,0
Cook,2020-01-26,1,0
Cook,2020-01-27,1,0
Cook,2020-01-28,1,0
Cook,2020-01-29,1,0
Cook,2020-01-30,2,0
Cook,2020-01-31,2,0
Cook,2020-02-01,2,0
Cook,2020-02-02,2,0
Cook,2020-02-03,2,0
Cook,2020-02-04,2,0
Cook,2020-02-05,2,0
Cook,2020-02-06,2,0
Cook,2020-02-07,2,0
Cook,2020-02-08,2,0
Cook,2020-02-09,2,0
Cook,2020-02-10,2,0
Cook,2020-02-11,2,0
Cook,2020-02-12,2,0
Cook,2020-02-13,2,0
Cook,2020-02-14,2,0
Cook,2020-02-15,2,0
Cook,2020-02-16,2,0
Cook,2020-02-17,2,0
Cook,2020-02-18,2,0
Cook,2020-02-19,2,0
Cook,2020-02-20,2,0
Cook,2020-02-21,2,0
Cook,2020-02-22,2,0
Cook,2020-02-23,2,0
Cook,2020-02-24,2,0
Cook,2020-02-25,2,0
Cook,2020-02-26,2,0
Cook,2020-02-27,2,0
Cook,2020-02-28,2,0
Cook,2020-02-29,3,0
Cook,2020-03-01,3,0
Cook,2020-03-02,4,0
Cook,2020-03-03,4,0
Cook,2020-03-04,4,0
Cook,2020-03-05,5,0
Cook,2020-03-06,6,0
Cook,2020-03-07,6,0
Cook,2020-03-08,7,0
Cook,2020-03-09,11,0
Cook,2020-03-10,17,0
Cook,2020-03-11,22,0
Cook,2020-03-12,27,0
Cook,2020-03-13,40,0
Cook,2020-03-14,51,0
Cook,2020-03-15,76,0
Cook,2020-03-16,76,0
Cook,2020-03-17,107,1
Cook,2020-03-18,179,1
Cook,2020-03-19,279,2
Cook,2020-03-20,412,3
Cook,2020-03-21,548,4
Cook,2020-03-22,805,6
Cook,2020-03-23,922,9
Cook,2020-03-24,1194,12
Cook,2020-03-25,1418,13
Cook,2020-03-26,1904,18
Cook,2020-03-27,2239,20
Cook,2020-03-28,2613,28
Cook,2020-03-29,3445,40
Cook,2020-03-30,3727,44
Cook,2020-03-31,4496,61
Cook,2020-04-01,5152,95
Cook,2020-04-02,5575,107
Cook,2020-04-03,6473,141
Cook,2020-04-04,7439,167
Cook,2020-04-05,8043,186
Cook,2020-04-06,8728,209
Cook,2020-04-07,9509,249
Cook,2020-04-08,10520,312
Cook,2020-04-09,11415,351
Cook,2020-04-10,12472,398
Cook,2020-04-11,13417,453
Cook,2020-04-12,14585,485
Cook,2020-04-13,15474,543
Cook,2020-04-14,16323,577
Cook,2020-04-15,17306,630
Cook,2020-04-16,18087,722
Cook,2020-04-17,19391,760
Cook,2020-04-18,20395,860
Cook,2020-04-19,21272,877
Cook,2020-04-20,22101,915
Cook,2020-04-21,23181,1002
Cook,2020-04-22,24546,1072
Cook,2020-04-23,25811,1142
Cook,2020-04-24,27616,1220
Cook,2020-04-25,29058,1267
Cook,2020-04-26,30574,1313
Cook,2020-04-27,31953,1347
Cook,2020-04-28,33449,1457
Cook,2020-04-29,34880,1516
Cook,2020-04-30,36513,1607
Cuyahoga,2020-03-09,3,0
Cuyahoga,2020-03-10,3,0
Cuyahoga,2020-03-11,3,0
Cuyahoga,2020-03-12,3,0
Cuyahoga,2020-03-13,11,0
Cuyahoga,2020-03-14,11,0
Cuyahoga,2020-03-15,14,0
Cuyahoga,2020-03-16,24,0
Cuyahoga,2020-03-17,31,0
Cuyahoga,2020-03-18,38,0
Cuyahoga,2020-03-19,53,0
Cuyahoga,2020-03-20,69,0
Cuyahoga,2020-03-21,92,1
Cuyahoga,2020-03-22,125,1
Cuyahoga,2020-03-23,149,1
Cuyahoga,2020-03-24,167,2
Cuyahoga,2020-03-25,206,2
Cuyahoga,2020-03-26,259,2
Cuyahoga,2020-03-27,330,2
Cuyahoga,2020-03-28,370,3
Cuyahoga,2020-03-29,449,4
Cuyahoga,2020-03-30,493,4
Cuyahoga,2020-03-31,527,6
Cuyahoga,2020-04-01,589,9
Cuyahoga,2020-04-02,663,12
Cuyahoga,2020-04-03,780,13
Cuyahoga,2020-04-04,781,13
Cuyahoga,2020-04-05,826,14
Cuyahoga,2020-04-06,871,15
Cuyahoga,2020-04-07,911,19
Cuyahoga,2020-04-08,960,23
Cuyahoga,2020-04-09,1014,23
Cuyahoga,2020-04-10,1052,22
Cuyahoga,2020-04-11,1113,22
Cuyahoga,2020-04-12,1152,23
Cuyahoga,2020-04-13,1197,24
Cuyahoga,2020-04-14,1239,33
Cuyahoga,2020-04-15,1281,39
Cuyahoga,2020-04-16,1331,42
Cuyahoga,2020-04-17,1383,48
Cuyahoga,2020-04-18,1453,52
Cuyahoga,2020-04-19,1466,53
Cuyahoga,2020-04-20,1577,55
Cuyahoga,2020-04-21,1653,64
Cuyahoga,2020-04-22,1713,79
Cuyahoga,2020-04-23,1768,83
Cuyahoga,2020-04-24,1817,91
Cuyahoga,2020-04-25,1867,91
Cuyahoga,2020-04-26,1902,91
Cuyahoga,2020-04-27,1938,96
Cuyahoga,2020-04-28,1984,109
Cuyahoga,2020-04-29,2030,110
Cuyahoga,2020-04-30,2126,112
Dallas,2020-03-10,2,0
Dallas,2020-03-11,3,0
Dallas,2020-03-12,8,0
Dallas,2020-03-13,9,0
Dallas,2020-03-14,11,0
Dallas,2020-03-15,14,0
Dallas,2020-03-16,14,0
Dallas,2020-03-17,23,0
Dallas,2020-03-18,34,0
Dallas,2020-03-19,56,1
Dallas,2020-03-20,74,1
Dallas,2020-03-21,95,1
Dallas,2020-03-22,132,2
Dallas,2020-03-23,159,2
Dallas,2020-03-24,169,5
Dallas,2020-03-25,169,6
Dallas,2020-03-26,303,7
Dallas,2020-03-27,367,7
Dallas,2020-03-28,439,9
Dallas,2020-03-29,443,9
Dallas,2020-03-30,549,11
Dallas,2020-03-31,631,13
Dallas,2020-04-01,731,15
Dallas,2020-04-02,831,17
Dallas,2020-04-03,921,17
Dallas,2020-04-04,1015,18
Dallas,2020-04-05,1112,18
Dallas,2020-04-06,1155,18
Dallas,2020-04-07,1261,19
Dallas,2020-04-08,1324,20
Dallas,2020-04-09,1432,22
Dallas,2020-04-10,1537,25
Dallas,2020-04-11,1648,27
Dallas,2020-04-12,1723,31
Dallas,2020-04-13,1788,32
Dallas,2020-04-14,1877,42
Dallas,2020-04-15,1986,43
Dallas,2020-04-16,2066,50
Dallas,2020-04-17,2190,55
Dallas,2020-04-18,2324,60
Dallas,2020-04-19,2428,60
Dallas,2020-04-20,2512,60
Dallas,2020-04-21,2602,64
Dallas,2020-04-22,2683,65
Dallas,2020-04-23,2763,72
Dallas,2020-04-24,2834,77
Dallas,2020-04-25,2909,81
Dallas,2020-04-26,3014,82
Dallas,2020-04-27,3105,84
Dallas,2020-04-28,3240,94
Dallas,2020-04-29,3352,99
Dallas,2020-04-30,3531,104
Davidson,2020-03-08,1,0
Davidson,2020-03-09,1,0
Davidson,2020-03-10,1,0
Davidson,2020-03-11,2,0
Davidson,2020-03-12,6,0
Davidson,2020-03-13,10,0
Davidson,2020-03-14,14,0
Davidson,2020-03-15,17,0
Davidson,2020-03-16,25,0
Davidson,2020-03-17,42,0
Davidson,2020-03-18,58,0
Davidson,2020-03-19,75,0
Davidson,2020-03-20,110,0
Davidson,2020-03-21,140,2
Davidson,2020-03-22,167,2
Davidson,2020-03-23,184,2
Davidson,2020-03-24,253,2
Davidson,2020-03-25,257,2
Davidson,2020-03-26,293,2
Davidson,2020-03-27,312,2
Davidson,2020-03-28,376,2
Davidson,2020-03-29,394,2
Davidson,2020-03-30,443,3
Davidson,2020-03-31,541,3
Davidson,2020-04-01,673,4
Davidson,2020-04-02,785,5
Davidson,2020-04-03,808,6
Davidson,2020-04-04,856,6
Davidson,2020-04-05,924,6
Davidson,2020-04-06,1034,7
Davidson,2020-04-07,1075,9
Davidson,2020-04-08,1140,13
Davidson,2020-04-09,1140,13
Davidson,2020-04-10,1224,13
Davidson,2020-04-11,1256,13
Davidson,2020-04-12,1348,13
Davidson,2020-04-13,1385,16
Davidson,2020-04-14,1457,18
Davidson,2020-04-15,1492,18
Davidson,2020-04-16,1560,19
Davidson,2020-04-17,1597,20
Davidson,2020-04-18,1680,20
Davidson,2020-04-19,1751,20
Davidson,2020-04-20,1751,20
Davidson,2020-04-21,1936,22
Davidson,2020-04-22,1962,22
Davidson,2020-04-23,2144,22
Davidson,2020-04-24,2176,22
Davidson,2020-04-25,2213,22
Davidson,2020-04-26,2370,23
Davidson,2020-04-27,2488,25
Davidson,2020-04-28,2588,25
Davidson,2020-04-29,2618,25
Davidson,2020-04-30,2669,28
Denver,2020-03-06,2,0
Denver,2020-03-07,2,0
Denver,2020-03-08,2,0
Denver,2020-03-09,3,0
Denver,2020-03-10,4,0
Denver,2020-03-11,6,0
Denver,2020-03-12,9,0
Denver,2020-03-13,17,0
Denver,2020-03-14,23,0
Denver,2020-03-15,28,0
Denver,2020-03-16,28,0
Denver,2020-03-17,41,0
Denver,2020-03-18,45,0
Denver,2020-03-19,61,0
Denver,2020-03-20,79,0
Denver,2020-03-21,98,0
Denver,2020-03-22,125,0
Denver,2020-03-23,148,0
Denver,2020-03-24,176,0
Denver,2020-03-25,214,3
Denver,2020-03-26,262,3
Denver,2020-03-27,312,3
Denver,2020-03-28,367,5
Denver,2020-03-29,408,5
Denver,2020-03-30,465,6
Denver,2020-03-31,539,7
Denver,2020-04-01,586,8
Denver,2020-04-02,643,11
Denver,2020-04-03,716,14
Denver,2020-04-04,769,14
Denver,2020-04-05,825,16
Denver,2020-04-06,847,15
Denver,2020-04-07,884,31
Denver,2020-04-08,927,33
Denver,2020-04-09,1031,38
Denver,2020-04-10,1113,42
Denver,2020-04-11,1182,46
Denver,2020-04-12,1247,46
Denver,2020-04-13,1346,51
Denver,2020-04-14,1402,56
Denver,2020-04-15,1468,61
Denver,2020-04-16,1549,63
Denver,2020-04-17,1636,66
Denver,2020-04-18,1723,74
Denver,2020-04-19,1784,75
Denver,2020-04-20,1880,83
Denver,2020-04-21,2004,91
Denver,2020-04-22,2071,96
Denver,2020-04-23,2172,98
Denver,2020-04-24,2385,128
Denver,2020-04-25,2487,132
Denver,2020-04-26,2583,132
Denver,2020-04-27,2682,135
Denver,2020-04-28,2791,145
Denver,2020-04-29,2890,150
Denver,2020-04-30,3001,154
District of Columbia,2020-03-07,1,0
District of Columbia,2020-03-08,1,0
District of Columbia,2020-03-09,4,0
District of Columbia,2020-03-10,4,0
District of Columbia,2020-03-11,10,0
District of Columbia,2020-03-12,10,0
District of Columbia,2020-03-13,10,0
District of Columbia,2020-03-14,16,0
District of Columbia,2020-03-15,17,0
District of Columbia,2020-03-16,22,0
District of Columbia,2020-03-17,31,0
District of Columbia,2020-03-18,36,0
District of Columbia,2020-03-19,39,0
District of Columbia,2020-03-20,71,0
District of Columbia,2020-03-21,77,1
District of Columbia,2020-03-22,98,1
District of Columbia,2020-03-23,116,2
District of Columbia,2020-03-24,137,2
District of Columbia,2020-03-25,183,2
District of Columbia,2020-03-26,231,3
District of Columbia,2020-03-27,267,3
District of Columbia,2020-03-28,304,4
District of Columbia,2020-03-29,342,5
District of Columbia,2020-03-30,401,9
District of Columbia,2020-03-31,495,9
District of Columbia,2020-04-01,586,11
District of Columbia,2020-04-02,653,12
District of Columbia,2020-04-03,757,15
District of Columbia,2020-04-04,902,21
District of Columbia,2020-04-05,998,22
District of Columbia,2020-04-06,1097,24
District of Columbia,2020-04-07,1211,24
District of Columbia,2020-04-08,1440,27
District of Columbia,2020-04-09,1523,32
District of Columbia,2020-04-10,1660,38
District of Columbia,2020-04-11,1778,47
District of Columbia,2020-04-12,1875,50
District of Columbia,2020-04-13,1955,52
District of Columbia,2020-04-14,2058,67
District of Columbia,2020-04-15,2197,72
District of Columbia,2020-04-16,2350,81
District of Columbia,2020-04-17,2476,86
District of Columbia,2020-04-18,2666,91
District of Columbia,2020-04-19,2793,96
District of Columbia,2020-04-20,2927,105
District of Columbia,2020-04-21,3098,112
District of Columbia,2020-04-22,3206,127
District of Columbia,2020-04-23,3361,139
District of Columbia,2020-04-24,3528,153
District of Columbia,2020-04-25,3699,165
District of Columbia,2020-04-26,3841,178
District of Columbia,2020-04-27,3892,185
District of Columbia,2020-04-28,3994,190
District of Columbia,2020-04-29,4106,205
District of Columbia,2020-04-30,4323,224
El Paso,2020-03-06,1,0
El Paso,2020-03-07,1,0
El Paso,2020-03-08,1,0
El Paso,2020-03-09,1,0
El Paso,2020-03-10,1,0
El Paso,2020-03-11,1,0
El Paso,2020-03-12,1,1
El Paso,2020-03-13,2,2
El Paso,2020-03-14,3,2
El Paso,2020-03-15,4,2
El Paso,2020-03-16,6,2
El Paso,2020-03-17,6,2
El Paso,2020-03-18,8,2
El Paso,2020-03-19,15,3
El Paso,2020-03-20,27,3
El Paso,2020-03-21,37,3
El Paso,2020-03-22,51,3
El Paso,2020-03-23,69,4
El Paso,2020-03-24,106,4
El Paso,2020-03-25,122,5
El Paso,2020-03-26,137,7
El Paso,2020-03-27,160,7
El Paso,2020-03-28,184,10
El Paso,2020-03-29,214,11
El Paso,2020-03-30,245,11
El Paso,2020-03-31,286,13
El Paso,2020-04-01,314,14
El Paso,2020-04-02,340,16
El Paso,2020-04-03,374,18
El Paso,2020-04-04,406,22
El Paso,2020-04-05,435,25
El Paso,2020-04-06,441,28
El Paso,2020-04-07,457,28
El Paso,2020-04-08,472,30
El Paso,2020-04-09,534,32
El Paso,2020-04-10,550,33
El Paso,2020-04-11,578,35
El Paso,2020-04-12,613,37
El Paso,2020-04-13,641,39
El Paso,2020-04-14,652,41
El Paso,2020-04-15,668,43
El Paso,2020-04-16,689,48
El Paso,2020-04-17,708,49
El Paso,2020-04-18,721,49
El Paso,2020-04-19,731,49
El Paso,2020-04-20,734,50
El Paso,2020-04-21,744,53
El Paso,2020-04-22,774,54
El Paso,2020-04-23,798,55
El Paso,2020-04-24,853,72
El Paso,2020-04-25,862,66
El Paso,2020-04-26,867,68
El Paso,2020-04-27,879,68
El Paso,2020-04-28,884,69
El Paso,2020-04-29,907,69
El Paso,2020-04-30,934,70
Franklin,2020-03-14,1,0
Franklin,2020-03-15,3,0
Franklin,2020-03-16,3,0
Franklin,2020-03-17,4,0
Franklin,2020-03-18,7,0
Franklin,2020-03-19,10,0
Franklin,2020-03-20,14,0
Franklin,2020-03-21,21,0
Franklin,2020-03-22,34,0
Franklin,2020-03-23,46,2
Franklin,2020-03-24,75,2
Franklin,2020-03-25,88,2
Franklin,2020-03-26,109,2
Franklin,2020-03-27,152,2
Franklin,2020-03-28,222,2
Franklin,2020-03-29,247,2
Franklin,2020-03-30,281,2
Franklin,2020-03-31,325,3
Franklin,2020-04-01,391,4
Franklin,2020-04-02,441,5
Franklin,2020-04-03,503,5
Franklin,2020-04-04,557,6
Franklin,2020-04-05,597,8
Franklin,2020-04-06,644,9
Franklin,2020-04-07,703,12
Franklin,2020-04-08,761,12
Franklin,2020-04-09,802,14
Franklin,2020-04-10,850,14
Franklin,2020-04-11,894,14
Franklin,2020-04-12,943,14
Franklin,2020-04-13,1012,15
Franklin,2020-04-14,1053,18
Franklin,2020-04-15,1102,19
Franklin,2020-04-16,1212,19
Franklin,2020-04-17,1320,22
Franklin,2020-04-18,1403,27
Franklin,2020-04-19,1513,29
Franklin,2020-04-20,1510,35
Franklin,2020-04-21,1557,37
Franklin,2020-04-22,1598,42
Franklin,2020-04-23,1673,46
Franklin,2020-04-24,1768,48
Franklin,2020-04-25,1839,50
Franklin,2020-04-26,1942,53
Franklin,2020-04-27,2005,57
Franklin,2020-04-28,2090,62
Franklin,2020-04-29,2216,71
Franklin,2020-04-30,2441,73
Fulton,2020-03-02,2,0
Fulton,2020-03-03,2,0
Fulton,2020-03-04,2,0
Fulton,2020-03-05,2,0
Fulton,2020-03-06,2,0
Fulton,2020-03-07,4,0
Fulton,2020-03-08,5,0
Fulton,2020-03-09,5,0
Fulton,2020-03-10,6,0
Fulton,2020-03-11,6,0
Fulton,2020-03-12,6,0
Fulton,2020-03-13,6,0
Fulton,2020-03-14,13,0
Fulton,2020-03-15,20,0
Fulton,2020-03-16,27,0
Fulton,2020-03-17,33,0
Fulton,2020-03-18,49,0
Fulton,2020-03-19,68,2
Fulton,2020-03-20,95,2
Fulton,2020-03-21,100,3
Fulton,2020-03-22,111,3
Fulton,2020-03-23,152,3
Fulton,2020-03-24,191,4
Fulton,2020-03-25,204,4
Fulton,2020-03-26,231,4
Fulton,2020-03-27,347,12
Fulton,2020-03-28,378,13
Fulton,2020-03-29,425,12
Fulton,2020-03-30,503,16
Fulton,2020-03-31,599,18
Fulton,2020-04-01,638,20
Fulton,2020-04-02,747,23
Fulton,2020-04-03,910,26
Fulton,2020-04-04,959,26
Fulton,2020-04-05,970,28
Fulton,2020-04-06,1053,32
Fulton,2020-04-07,1185,39
Fulton,2020-04-08,1261,42
Fulton,2020-04-09,1336,48
Fulton,2020-04-10,1417,50
Fulton,2020-04-11,1446,50
Fulton,2020-04-12,1495,50
Fulton,2020-04-13,1635,52
Fulton,2020-04-14,1812,60
Fulton,2020-04-15,1902,63
Fulton,2020-04-16,1945,66
Fulton,2020-04-17,2037,74
Fulton,2020-04-18,2065,74
Fulton,2020-04-19,2131,75
Fulton,2020-04-20,2198,80
Fulton,2020-04-21,2206,83
Fulton,2020-04-22,2255,85
Fulton,2020-04-23,2436,88
Fulton,2020-04-24,2500,91
Fulton,2020-04-25,2543,91
Fulton,2020-04-26,2545,94
Fulton,2020-04-27,2680,103
Fulton,2020-04-28,2753,108
Fulton,2020-04-29,2785,116
Fulton,2020-04-30,2821,118
Harris,2020-03-05,4,0
Harris,2020-03-06,5,0
Harris,2020-03-07,5,0
Harris,2020-03-08,6,0
Harris,2020-03-09,6,0
Harris,2020-03-10,7,0
Harris,2020-03-11,7,0
Harris,2020-03-12,9,0
Harris,2020-03-13,10,0
Harris,2020-03-14,11,0
Harris,2020-03-15,13,0
Harris,2020-03-16,13,0
Harris,2020-03-17,16,0
Harris,2020-03-18,28,0
Harris,2020-03-19,35,1
Harris,2020-03-20,55,1
Harris,2020-03-21,68,1
Harris,2020-03-22,74,1
Harris,2020-03-23,78,1
Harris,2020-03-24,134,1
Harris,2020-03-25,185,1
Harris,2020-03-26,203,2
Harris,2020-03-27,229,2
Harris,2020-03-28,445,3
Harris,2020-03-29,526,4
Harris,2020-03-30,563,7
Harris,2020-03-31,680,6
Harris,2020-04-01,847,6
Harris,2020-04-02,895,10
Harris,2020-04-03,1036,12
Harris,2020-04-04,1284,17
Harris,2020-04-05,1395,20
Harris,2020-04-06,1809,22
Harris,2020-04-07,2146,23
Harris,2020-04-08,2341,31
Harris,2020-04-09,3047,34
Harris,2020-04-10,3261,40
Harris,2020-04-11,3561,41
Harris,2020-04-12,3629,44
Harris,2020-04-13,3747,46
Harris,2020-04-14,3907,52
Harris,2020-04-15,4097,58
Harris,2020-04-16,4306,63
Harris,2020-04-17,4460,67
Harris,2020-04-18,4653,71
Harris,2020-04-19,4823,75
Harris,2020-04-20,4977,78
Harris,2020-04-21,5143,79
Harris,2020-04-22,5211,80
Harris,2020-04-23,5330,82
Harris,2020-04-24,5482,84
Harris,2020-04-25,5628,89
Harris,2020-04-26,5729,93
Harris,2020-04-27,5827,98
Harris,2020-04-28,5986,103
Harris,2020-04-29,6161,109
Harris,2020-04-30,6356,114
Honolulu,2020-03-06,1,0
Honolulu,2020-03-07,1,0
Honolulu,2020-03-08,2,0
Honolulu,2020-03-09,2,0
Honolulu,2020-03-10,2,0
Honolulu,2020-03-11,2,0
Honolulu,2020-03-12,2,0
Honolulu,2020-03-13,2,0
Honolulu,2020-03-14,2,0
Honolulu,2020-03-15,4,0
Honolulu,2020-03-16,6,0
Honolulu,2020-03-17,8,0
Honolulu,2020-03-18,10,0
Honolulu,2020-03-19,18,0
Honolulu,2020-03-20,28,0
Honolulu,2020-03-21,35,0
Honolulu,2020-03-22,41,0
Honolulu,2020-03-23,53,0
Honolulu,2020-03-24,58,0
Honolulu,2020-03-25,68,0
Honolulu,2020-03-26,77,0
Honolulu,2020-03-27,87,0
Honolulu,2020-03-28,108,0
Honolulu,2020-03-29,119,0
Honolulu,2020-03-30,139,0
Honolulu,2020-03-31,157,1
Honolulu,2020-04-01,182,1
Honolulu,2020-04-02,206,2
Honolulu,2020-04-03,237,2
Honolulu,2020-04-04,266,2
Honolulu,2020-04-05,281,2
Honolulu,2020-04-06,292,4
Honolulu,2020-04-07,312,4
Honolulu,2020-04-08,328,4
Honolulu,2020-04-09,334,4
Honolulu,2020-04-10,343,5
Honolulu,2020-04-11,348,5
Honolulu,2020-04-12,350,6
Honolulu,2020-04-13,352,6
Honolulu,2020-04-14,358,6
Honolulu,2020-04-15,369,6
Honolulu,2020-04-16,373,6
Honolulu,2020-04-17,380,6
Honolulu,2020-04-18,382,6
Honolulu,2020-04-19,385,6
Honolulu,2020-04-20,385,6
Honolulu,2020-04-21,385,7
Honolulu,2020-04-22,388,7
Honolulu,2020-04-23,389,7
Honolulu,2020-04-24,392,8
Honolulu,2020-04-25,395,9
Honolulu,2020-04-26,396,9
Honolulu,2020-04-27,396,11
Honolulu,2020-04-28,396,11
Honolulu,2020-04-29,399,11
Honolulu,2020-04-30,399,11
King,2020-02-28,1,0
King,2020-02-29,4,1
King,2020-03-01,11,3
King,2020-03-02,15,6
King,2020-03-03,22,10
King,2020-03-04,33,11
King,2020-03-05,52,11
King,2020-03-06,59,12
King,2020-03-07,72,16
King,2020-03-08,91,18
King,2020-03-09,117,21
King,2020-03-10,191,23
King,2020-03-11,235,27
King,2020-03-12,271,28
King,2020-03-13,329,33
King,2020-03-14,389,36
King,2020-03-15,421,38
King,2020-03-16,489,44
King,2020-03-17,518,47
King,2020-03-18,563,57
King,2020-03-19,693,61
King,2020-03-20,794,68
King,2020-03-21,935,76
King,2020-03-22,1036,77
King,2020-03-23,1166,88
King,2020-03-24,1278,95
King,2020-03-25,1360,101
King,2020-03-26,1579,111
King,2020-03-27,1830,127
King,2020-03-28,2079,138
King,2020-03-29,2163,146
King,2020-03-30,2332,152
King,2020-03-31,2332,152
King,2020-04-01,2498,166
King,2020-04-02,2658,177
King,2020-04-03,2789,188
King,2020-04-04,2900,204
King,2020-04-05,3169,210
King,2020-04-06,3333,224
King,2020-04-07,3488,232
King,2020-04-08,3690,246
King,2020-04-09,3888,260
King,2020-04-10,4119,279
King,2020-04-11,4264,286
King,2020-04-12,4428,294
King,2020-04-13,4551,298
King,2020-04-14,4622,305
King,2020-04-15,4699,314
King,2020-04-16,4811,322
King,2020-04-17,4904,333
King,2020-04-18,5065,342
King,2020-04-19,5174,348
King,2020-04-20,5295,362
King,2020-04-21,5381,374
King,2020-04-22,5451,381
King,2020-04-23,5571,386
King,2020-04-24,5691,393
King,2020-04-25,5813,401
King,2020-04-26,5914,410
King,2020-04-27,5992,418
King,2020-04-28,6056,429
King,2020-04-29,6184,438
King,2020-04-30,6310,448
Los Angeles,2020-01-26,1,0
Los Angeles,2020-01-27,1,0
Los Angeles,2020-01-28,1,0
Los Angeles,2020-01-29,1,0
Los Angeles,2020-01-30,1,0
Los Angeles,2020-01-31,1,0
Los Angeles,2020-02-01,1,0
Los Angeles,2020-02-02,1,0
Los Angeles,2020-02-03,1,0
Los Angeles,2020-02-04,1,0
Los Angeles,2020-02-05,1,0
Los Angeles,2020-02-06,1,0
Los Angeles,2020-02-07,1,0
Los Angeles,2020-02-08,1,0
Los Angeles,2020-02-09,1,0
Los Angeles,2020-02-10,1,0
Los Angeles,2020-02-11,1,0
Los Angeles,2020-02-12,1,0
Los Angeles,2020-02-13,1,0
Los Angeles,2020-02-14,1,0
Los Angeles,2020-02-15,1,0
Los Angeles,2020-02-16,1,0
Los Angeles,2020-02-17,1,0
Los Angeles,2020-02-18,1,0
Los Angeles,2020-02-19,1,0
Los Angeles,2020-02-20,1,0
Los Angeles,2020-02-21,1,0
Los Angeles,2020-02-22,1,0
Los Angeles,2020-02-23,1,0
Los Angeles,2020-02-24,1,0
Los Angeles,2020-02-25,1,0
Los Angeles,2020-02-26,1,0
Los Angeles,2020-02-27,1,0
Los Angeles,2020-02-28,1,0
Los Angeles,2020-02-29,1,0
Los Angeles,2020-03-01,1,0
Los Angeles,2020-03-02,1,0
Los Angeles,2020-03-03,1,0
Los Angeles,2020-03-04,7,0
Los Angeles,2020-03-05,11,0
Los Angeles,2020-03-06,13,0
Los Angeles,2020-03-07,14,0
Los Angeles,2020-03-08,14,0
Los Angeles,2020-03-09,19,0
Los Angeles,2020-03-10,20,0
Los Angeles,2020-03-11,28,1
Los Angeles,2020-03-12,32,1
Los Angeles,2020-03-13,40,1
Los Angeles,2020-03-14,53,1
Los Angeles,2020-03-15,69,1
Los Angeles,2020-03-16,94,1
Los Angeles,2020-03-17,144,1
Los Angeles,2020-03-18,190,1
Los Angeles,2020-03-19,231,2
Los Angeles,2020-03-20,292,2
Los Angeles,2020-03-21,351,4
Los Angeles,2020-03-22,421,5
Los Angeles,2020-03-23,536,7
Los Angeles,2020-03-24,662,11
Los Angeles,2020-03-25,799,13
Los Angeles,2020-03-26,1216,21
Los Angeles,2020-03-27,1465,27
Los Angeles,2020-03-28,1804,33
Los Angeles,2020-03-29,2136,37
Los Angeles,2020-03-30,2474,44
Los Angeles,2020-03-31,3011,54
Los Angeles,2020-04-01,3518,65
Los Angeles,2020-04-02,4045,78
Los Angeles,2020-04-03,4566,89
Los Angeles,2020-04-04,5277,117
Los Angeles,2020-04-05,5940,132
Los Angeles,2020-04-06,6360,147
Los Angeles,2020-04-07,6910,169
Los Angeles,2020-04-08,7530,198
Los Angeles,2020-04-09,7955,223
Los Angeles,2020-04-10,8430,241
Los Angeles,2020-04-11,8873,265
Los Angeles,2020-04-12,9192,296
Los Angeles,2020-04-13,9420,320
Los Angeles,2020-04-14,10047,360
Los Angeles,2020-04-15,10496,402
Los Angeles,2020-04-16,10854,455
Los Angeles,2020-04-17,11391,495
Los Angeles,2020-04-18,12021,576
Los Angeles,2020-04-19,12341,600
Los Angeles,2020-04-20,13816,617
Los Angeles,2020-04-21,15140,663
Los Angeles,2020-04-22,16435,729
Los Angeles,2020-04-23,17508,797
Los Angeles,2020-04-24,18545,850
Los Angeles,2020-04-25,19107,895
Los Angeles,2020-04-26,19528,913
Los Angeles,2020-04-27,20417,942
Los Angeles,2020-04-28,20976,1000
Los Angeles,2020-04-29,22485,1056
Los Angeles,2020-04-30,23182,1111
Maricopa,2020-01-26,1,0
Maricopa,2020-01-27,1,0
Maricopa,2020-01-28,1,0
Maricopa,2020-01-29,1,0
Maricopa,2020-01-30,1,0
Maricopa,2020-01-31,1,0
Maricopa,2020-02-01,1,0
Maricopa,2020-02-02,1,0
Maricopa,2020-02-03,1,0
Maricopa,2020-02-04,1,0
Maricopa,2020-02-05,1,0
Maricopa,2020-02-06,1,0
Maricopa,2020-02-07,1,0
Maricopa,2020-02-08,1,0
Maricopa,2020-02-09,1,0
Maricopa,2020-02-10,1,0
Maricopa,2020-02-11,1,0
Maricopa,2020-02-12,1,0
Maricopa,2020-02-13,1,0
Maricopa,2020-02-14,1,0
Maricopa,2020-02-15,1,0
Maricopa,2020-02-16,1,0
Maricopa,2020-02-17,1,0
Maricopa,2020-02-18,1,0
Maricopa,2020-02-19,1,0
Maricopa,2020-02-20,1,0
Maricopa,2020-02-21,1,0
Maricopa,2020-02-22,1,0
Maricopa,2020-02-23,1,0
Maricopa,2020-02-24,1,0
Maricopa,2020-02-25,1,0
Maricopa,2020-02-26,1,0
Maricopa,2020-02-27,1,0
Maricopa,2020-02-28,1,0
Maricopa,2020-02-29,1,0
Maricopa,2020-03-01,1,0
Maricopa,2020-03-02,1,0
Maricopa,2020-03-03,2,0
Maricopa,2020-03-04,2,0
Maricopa,2020-03-05,2,0
Maricopa,2020-03-06,2,0
Maricopa,2020-03-07,2,0
Maricopa,2020-03-08,2,0
Maricopa,2020-03-09,2,0
Maricopa,2020-03-10,2,0
Maricopa,2020-03-11,3,0
Maricopa,2020-03-12,3,0
Maricopa,2020-03-13,3,0
Maricopa,2020-03-14,4,0
Maricopa,2020-03-15,4,0
Maricopa,2020-03-16,8,0
Maricopa,2020-03-17,9,0
Maricopa,2020-03-18,11,0
Maricopa,2020-03-19,22,0
Maricopa,2020-03-20,34,1
Maricopa,2020-03-21,49,1
Maricopa,2020-03-22,81,2
Maricopa,2020-03-23,139,2
Maricopa,2020-03-24,199,2
Maricopa,2020-03-25,251,2
Maricopa,2020-03-26,299,4
Maricopa,2020-03-27,399,5
Maricopa,2020-03-28,454,5
Maricopa,2020-03-29,546,5
Maricopa,2020-03-30,690,5
Maricopa,2020-03-31,791,8
Maricopa,2020-04-01,871,8
Maricopa,2020-04-02,961,12
Maricopa,2020-04-03,1049,17
Maricopa,2020-04-04,1171,28
Maricopa,2020-04-05,1326,31
Maricopa,2020-04-06,1433,31
Maricopa,2020-04-07,1495,35
Maricopa,2020-04-08,1559,37
Maricopa,2020-04-09,1689,39
Maricopa,2020-04-10,1741,41
Maricopa,2020-04-11,1891,47
Maricopa,2020-04-12,1960,48
Maricopa,2020-04-13,2020,52
Maricopa,2020-04-14,2056,54
Maricopa,2020-04-15,2146,60
Maricopa,2020-04-16,2264,64
Maricopa,2020-04-17,2404,69
Maricopa,2020-04-18,2491,70
Maricopa,2020-04-19,2589,75
Maricopa,2020-04-20,2636,75
Maricopa,2020-04-21,2738,84
Maricopa,2020-04-22,2846,97
Maricopa,2020-04-23,2970,115
Maricopa,2020-04-24,3116,120
Maricopa,2020-04-25,3234,121
Maricopa,2020-04-26,3359,122
Maricopa,2020-04-27,3457,122
Maricopa,2020-04-28,3578,137
Maricopa,2020-04-29,3723,140
Maricopa,2020-04-30,3972,145
Marion,2020-03-06,1,0
Marion,2020-03-07,1,0
Marion,2020-03-08,1,0
Marion,2020-03-09,1,0
Marion,2020-03-10,1,0
Marion,2020-03-11,1,0
Marion,2020-03-12,2,0
Marion,2020-03-13,2,0
Marion,2020-03-14,3,0
Marion,2020-03-15,6,0
Marion,2020-03-16,7,1
Marion,2020-03-17,9,1
Marion,2020-03-18,11,1
Marion,2020-03-19,19,1
Marion,2020-03-20,25,2
Marion,2020-03-21,46,2
Marion,2020-03-22,82,3
Marion,2020-03-23,110,3
Marion,2020-03-24,161,6
Marion,2020-03-25,226,6
Marion,2020-03-26,293,6
Marion,2020-03-27,484,8
Marion,2020-03-28,584,10
Marion,2020-03-29,676,10
Marion,2020-03-30,804,12
Marion,2020-03-31,964,17
Marion,2020-04-01,1117,21
Marion,2020-04-02,1304,24
Marion,2020-04-03,1429,33
Marion,2020-04-04,1570,34
Marion,2020-04-05,1760,37
Marion,2020-04-06,1956,41
Marion,2020-04-07,2141,48
Marion,2020-04-08,2290,58
Marion,2020-04-09,2415,81
Marion,2020-04-10,2600,107
Marion,2020-04-11,2742,118
Marion,2020-04-12,2887,123
Marion,2020-04-13,3012,123
Marion,2020-04-14,3063,141
Marion,2020-04-15,3204,155
Marion,2020-04-16,3320,164
Marion,2020-04-17,3518,182
Marion,2020-04-18,3624,190
Marion,2020-04-19,3889,192
Marion,2020-04-20,4052,192
Marion,2020-04-21,4176,206
Marion,2020-04-22,4263,214
Marion,2020-04-23,4408,228
Marion,2020-04-24,4537,238
Marion,2020-04-25,4727,255
Marion,2020-04-26,4796,259
Marion,2020-04-27,4926,267
Marion,2020-04-28,5080,282
Marion,2020-04-29,5295,305
Marion,2020-04-30,5530,328
Mecklenburg,2020-03-12,2,0
Mecklenburg,2020-03-13,2,0
Mecklenburg,2020-03-14,2,0
Mecklenburg,2020-03-15,4,0
Mecklenburg,2020-03-16,4,0
Mecklenburg,2020-03-17,7,0
Mecklenburg,2020-03-18,11,0
Mecklenburg,2020-03-19,13,0
Mecklenburg,2020-03-20,28,0
Mecklenburg,2020-03-21,41,0
Mecklenburg,2020-03-22,66,0
Mecklenburg,2020-03-23,80,0
Mecklenburg,2020-03-24,104,0
Mecklenburg,2020-03-25,170,0
Mecklenburg,2020-03-26,181,0
Mecklenburg,2020-03-27,218,0
Mecklenburg,2020-03-28,299,0
Mecklenburg,2020-03-29,336,1
Mecklenburg,2020-03-30,382,1
Mecklenburg,2020-03-31,420,1
Mecklenburg,2020-04-01,444,2
Mecklenburg,2020-04-02,495,2
Mecklenburg,2020-04-03,564,2
Mecklenburg,2020-04-04,635,4
Mecklenburg,2020-04-05,664,6
Mecklenburg,2020-04-06,733,7
Mecklenburg,2020-04-07,810,8
Mecklenburg,2020-04-08,830,10
Mecklenburg,2020-04-09,861,10
Mecklenburg,2020-04-10,906,10
Mecklenburg,2020-04-11,935,12
Mecklenburg,2020-04-12,954,12
Mecklenburg,2020-04-13,970,12
Mecklenburg,2020-04-14,993,15
Mecklenburg,2020-04-15,1015,19
Mecklenburg,2020-04-16,1084,19
Mecklenburg,2020-04-17,1136,21
Mecklenburg,2020-04-18,1153,24
Mecklenburg,2020-04-19,1178,29
Mecklenburg,2020-04-20,1210,29
Mecklenburg,2020-04-21,1245,32
Mecklenburg,2020-04-22,1284,33
Mecklenburg,2020-04-23,1362,33
Mecklenburg,2020-04-24,1407,35
Mecklenburg,2020-04-25,1450,41
Mecklenburg,2020-04-26,1482,41
Mecklenburg,2020-04-27,1492,43
Mecklenburg,2020-04-28,1519,43
Mecklenburg,2020-04-29,1567,44
Mecklenburg,2020-04-30,1627,49
Miami-Dade,2020-03-11,1,0
Miami-Dade,2020-03-12,2,0
Miami-Dade,2020-03-13,8,0
Miami-Dade,2020-03-14,8,0
Miami-Dade,2020-03-15,13,0
Miami-Dade,2020-03-16,23,0
Miami-Dade,2020-03-17,43,0
Miami-Dade,2020-03-18,77,0
Miami-Dade,2020-03-19,101,0
Miami-Dade,2020-03-20,124,0
Miami-Dade,2020-03-21,170,0
Miami-Dade,2020-03-22,228,0
Miami-Dade,2020-03-23,277,0
Miami-Dade,2020-03-24,365,0
Miami-Dade,2020-03-25,489,0
Miami-Dade,2020-03-26,653,0
Miami-Dade,2020-03-27,869,2
Miami-Dade,2020-03-28,1121,3
Miami-Dade,2020-03-29,1471,3
Miami-Dade,2020-03-30,1700,4
Miami-Dade,2020-03-31,2123,7
Miami-Dade,2020-04-01,2415,11
Miami-Dade,2020-04-02,2885,20
Miami-Dade,2020-04-03,3363,25
Miami-Dade,2020-04-04,3889,31
Miami-Dade,2020-04-05,4145,31
Miami-Dade,2020-04-06,4670,41
Miami-Dade,2020-04-07,5125,47
Miami-Dade,2020-04-08,5460,50
Miami-Dade,2020-04-09,5897,66
Miami-Dade,2020-04-10,6299,84
Miami-Dade,2020-04-11,6757,93
Miami-Dade,2020-04-12,7057,97
Miami-Dade,2020-04-13,7458,109
Miami-Dade,2020-04-14,7711,143
Miami-Dade,2020-04-15,8066,155
Miami-Dade,2020-04-16,8325,183
Miami-Dade,2020-04-17,8823,195
Miami-Dade,2020-04-18,9044,198
Miami-Dade,2020-04-19,9353,207
Miami-Dade,2020-04-20,9656,223
Miami-Dade,2020-04-21,10055,233
Miami-Dade,2020-04-22,10152,240
Miami-Dade,2020-04-23,10587,270
Miami-Dade,2020-04-24,10925,287
Miami-Dade,2020-04-25,11004,295
Miami-Dade,2020-04-26,11350,301
Miami-Dade,2020-04-27,11569,302
Miami-Dade,2020-04-28,11830,324
Miami-Dade,2020-04-29,11926,338
Miami-Dade,2020-04-30,12063,352
Milwaukee,2020-03-13,2,0
Milwaukee,2020-03-14,6,0
Milwaukee,2020-03-15,7,0
Milwaukee,2020-03-16,13,0
Milwaukee,2020-03-17,24,0
Milwaukee,2020-03-18,47,0
Milwaukee,2020-03-19,62,0
Milwaukee,2020-03-20,95,1
Milwaukee,2020-03-21,126,2
Milwaukee,2020-03-22,183,2
Milwaukee,2020-03-23,206,3
Milwaukee,2020-03-24,243,3
Milwaukee,2020-03-25,325,4
Milwaukee,2020-03-26,393,7
Milwaukee,2020-03-27,468,9
Milwaukee,2020-03-28,541,9
Milwaukee,2020-03-29,565,9
Milwaukee,2020-03-30,663,10
Milwaukee,2020-03-31,674,11
Milwaukee,2020-04-01,780,16
Milwaukee,2020-04-02,869,18
Milwaukee,2020-04-03,955,28
Milwaukee,2020-04-04,1069,29
Milwaukee,2020-04-05,1148,39
Milwaukee,2020-04-06,1256,45
Milwaukee,2020-04-07,1323,49
Milwaukee,2020-04-08,1417,59
Milwaukee,2020-04-09,1484,67
Milwaukee,2020-04-10,1575,77
Milwaukee,2020-04-11,1653,85
Milwaukee,2020-04-12,1710,88
Milwaukee,2020-04-13,1743,94
Milwaukee,2020-04-14,1795,101
Milwaukee,2020-04-15,1870,105
Milwaukee,2020-04-16,1947,114
Milwaukee,2020-04-17,2013,120
Milwaukee,2020-04-18,2065,122
Milwaukee,2020-04-19,2150,125
Milwaukee,2020-04-20,2191,132
Milwaukee,2020-04-21,2234,139
Milwaukee,2020-04-22,2304,142
Milwaukee,2020-04-23,2382,150
Milwaukee,2020-04-24,2431,154
Milwaukee,2020-04-25,2525,157
Milwaukee,2020-04-26,2629,162
Milwaukee,2020-04-27,2674,167
Milwaukee,2020-04-28,2722,174
Milwaukee,2020-04-29,2815,177
Milwaukee,2020-04-30,2940,181
Multnomah,2020-03-10,1,0
Multnomah,2020-03-11,1,0
Multnomah,2020-03-12,1,0
Multnomah,2020-03-13,1,0
Multnomah,2020-03-14,1,1
Multnomah,2020-03-15,1,1
Multnomah,2020-03-16,2,1
Multnomah,2020-03-17,3,1
Multnomah,2020-03-18,3,1
Multnomah,2020-03-19,7,1
Multnomah,2020-03-20,12,1
Multnomah,2020-03-21,18,1
Multnomah,2020-03-22,19,1
Multnomah,2020-03-23,21,1
Multnomah,2020-03-24,25,2
Multnomah,2020-03-25,33,2
Multnomah,2020-03-26,45,2
Multnomah,2020-03-27,67,2
Multnomah,2020-03-28,81,2
Multnomah,2020-03-29,91,2
Multnomah,2020-03-30,100,2
Multnomah,2020-03-31,116,2
Multnomah,2020-04-01,134,3
Multnomah,2020-04-02,160,3
Multnomah,2020-04-03,175,3
Multnomah,2020-04-04,209,6
Multnomah,2020-04-05,233,7
Multnomah,2020-04-06,243,7
Multnomah,2020-04-07,258,7
Multnomah,2020-04-08,286,10
Multnomah,2020-04-09,302,13
Multnomah,2020-04-10,317,17
Multnomah,2020-04-11,343,18
Multnomah,2020-04-12,374,19
Multnomah,2020-04-13,398,19
Multnomah,2020-04-14,420,20
Multnomah,2020-04-15,430,22
Multnomah,2020-04-16,448,26
Multnomah,2020-04-17,467,28
Multnomah,2020-04-18,493,28
Multnomah,2020-04-19,514,28
Multnomah,2020-04-20,520,28
Multnomah,2020-04-21,542,29
Multnomah,2020-04-22,566,29
Multnomah,2020-04-23,582,33
Multnomah,2020-04-24,596,35
Multnomah,2020-04-25,623,35
Multnomah,2020-04-26,652,37
Multnomah,2020-04-27,664,37
Multnomah,2020-04-28,677,40
Multnomah,2020-04-29,696,42
Multnomah,2020-04-30,707,43
New York City,2020-03-01,1,0
New York City,2020-03-02,1,0
New York City,2020-03-03,2,0
New York City,2020-03-04,2,0
New York City,2020-03-05,4,0
New York City,2020-03-06,5,0
New York City,2020-03-07,12,0
New York City,2020-03-08,14,0
New York City,2020-03-09,20,0
New York City,2020-03-10,37,0
New York City,2020-03-11,52,0
New York City,2020-03-12,96,0
New York City,2020-03-13,155,0
New York City,2020-03-14,269,1
New York City,2020-03-15,330,5
New York City,2020-03-16,464,7
New York City,2020-03-17,645,10
New York City,2020-03-18,1339,20
New York City,2020-03-19,2468,22
New York City,2020-03-20,4408,43
New York City,2020-03-21,6211,60
New York City,2020-03-22,9045,99
New York City,2020-03-23,12305,131
New York City,2020-03-24,14905,192
New York City,2020-03-25,20011,280
New York City,2020-03-26,23112,365
New York City,2020-03-27,25399,450
New York City,2020-03-28,30766,672
New York City,2020-03-29,33768,776
New York City,2020-03-30,38087,914
New York City,2020-03-31,43139,1096
New York City,2020-04-01,47440,1374
New York City,2020-04-02,51810,1562
New York City,2020-04-03,57160,1867
New York City,2020-04-04,63307,2254
New York City,2020-04-05,67552,2472
New York City,2020-04-06,72181,3485
New York City,2020-04-07,76876,4009
New York City,2020-04-08,81803,4571
New York City,2020-04-09,87028,5150
New York City,2020-04-10,92384,5663
New York City,2020-04-11,98308,6202
New York City,2020-04-12,103208,6717
New York City,2020-04-13,106764,7154
New York City,2020-04-14,110465,7690
New York City,2020-04-15,118302,8215
New York City,2020-04-16,123146,8632
New York City,2020-04-17,127352,8632
New York City,2020-04-18,131273,8632
New York City,2020-04-19,134446,9708
New York City,2020-04-20,136816,10009
New York City,2020-04-21,139335,10301
New York City,2020-04-22,142442,10614
New York City,2020-04-23,145855,10889
New York City,2020-04-24,150484,11157
New York City,2020-04-25,155124,11419
New York City,2020-04-26,158268,11648
New York City,2020-04-27,160499,11857
New York City,2020-04-28,162348,12067
New York City,2020-04-29,164852,12325
New York City,2020-04-30,167489,12514
Oklahoma,2020-03-13,1,0
Oklahoma,2020-03-14,1,0
Oklahoma,2020-03-15,1,0
Oklahoma,2020-03-16,2,0
Oklahoma,2020-03-17,6,0
Oklahoma,2020-03-18,14,0
Oklahoma,2020-03-19,18,0
Oklahoma,2020-03-20,19,0
Oklahoma,2020-03-21,20,0
Oklahoma,2020-03-22,26,0
Oklahoma,2020-03-23,29,0
Oklahoma,2020-03-24,41,0
Oklahoma,2020-03-25,55,2
Oklahoma,2020-03-26,73,2
Oklahoma,2020-03-27,94,2
Oklahoma,2020-03-28,107,3
Oklahoma,2020-03-29,120,4
Oklahoma,2020-03-30,134,4
Oklahoma,2020-03-31,155,7
Oklahoma,2020-04-01,192,10
Oklahoma,2020-04-02,216,10
Oklahoma,2020-04-03,237,10
Oklahoma,2020-04-04,256,10
Oklahoma,2020-04-05,265,10
Oklahoma,2020-04-06,279,11
Oklahoma,2020-04-07,303,11
Oklahoma,2020-04-08,317,15
Oklahoma,2020-04-09,385,15
Oklahoma,2020-04-10,413,17
Oklahoma,2020-04-11,425,19
Oklahoma,2020-04-12,435,19
Oklahoma,2020-04-13,455,19
Oklahoma,2020-04-14,474,19
Oklahoma,2020-04-15,483,22
Oklahoma,2020-04-16,497,22
Oklahoma,2020-04-17,520,22
Oklahoma,2020-04-18,550,23
Oklahoma,2020-04-19,561,23
Oklahoma,2020-04-20,575,23
Oklahoma,2020-04-21,590,24
Oklahoma,2020-04-22,607,24
Oklahoma,2020-04-23,634,25
Oklahoma,2020-04-24,670,27
Oklahoma,2020-04-25,694,29
Oklahoma,2020-04-26,696,29
Oklahoma,2020-04-27,703,29
Oklahoma,2020-04-28,729,29
Oklahoma,2020-04-29,743,30
Oklahoma,2020-04-30,773,31
Orleans,2020-03-10,5,0
Orleans,2020-03-11,11,0
Orleans,2020-03-12,12,0
Orleans,2020-03-13,28,0
Orleans,2020-03-14,53,1
Orleans,2020-03-15,75,2
Orleans,2020-03-16,95,3
Orleans,2020-03-17,136,5
Orleans,2020-03-18,196,6
Orleans,2020-03-19,252,8
Orleans,2020-03-20,329,8
Orleans,2020-03-21,418,13
Orleans,2020-03-22,451,15
Orleans,2020-03-23,567,20
Orleans,2020-03-24,675,26
Orleans,2020-03-25,827,37
Orleans,2020-03-26,997,46
Orleans,2020-03-27,1170,57
Orleans,2020-03-28,1298,70
Orleans,2020-03-29,1350,73
Orleans,2020-03-30,1480,86
Orleans,2020-03-31,1834,101
Orleans,2020-04-01,2270,115
Orleans,2020-04-02,3148,125
Orleans,2020-04-03,3476,148
Orleans,2020-04-04,3966,153
Orleans,2020-04-05,4066,161
Orleans,2020-04-06,4565,171
Orleans,2020-04-07,4942,185
Orleans,2020-04-08,5070,208
Orleans,2020-04-09,5242,224
Orleans,2020-04-10,5416,225
Orleans,2020-04-11,5535,232
Orleans,2020-04-12,5600,235
Orleans,2020-04-13,5651,244
Orleans,2020-04-14,5718,276
Orleans,2020-04-15,5769,287
Orleans,2020-04-16,5847,302
Orleans,2020-04-17,5906,317
Orleans,2020-04-18,5953,324
Orleans,2020-04-19,6000,329
Orleans,2020-04-20,6148,339
Orleans,2020-04-21,6169,344
Orleans,2020-04-22,6209,367
Orleans,2020-04-23,6263,387
Orleans,2020-04-24,6286,392
Orleans,2020-04-25,6297,399
Orleans,2020-04-26,6342,406
Orleans,2020-04-27,6365,406
Orleans,2020-04-28,6380,410
Orleans,2020-04-29,6420,416
Orleans,2020-04-30,6452,434
Philadelphia,2020-03-10,1,0
Philadelphia,2020-03-11,1,0
Philadelphia,2020-03-12,1,0
Philadelphia,2020-03-13,3,0
Philadelphia,2020-03-14,4,0
Philadelphia,2020-03-15,8,0
Philadelphia,2020-03-16,8,0
Philadelphia,2020-03-17,10,0
Philadelphia,2020-03-18,17,0
Philadelphia,2020-03-19,33,0
Philadelphia,2020-03-20,42,0
Philadelphia,2020-03-21,69,0
Philadelphia,2020-03-22,91,0
Philadelphia,2020-03-23,128,0
Philadelphia,2020-03-24,177,0
Philadelphia,2020-03-25,257,1
Philadelphia,2020-03-26,402,1
Philadelphia,2020-03-27,530,2
Philadelphia,2020-03-28,709,5
Philadelphia,2020-03-29,865,5
Philadelphia,2020-03-30,1072,7
Philadelphia,2020-03-31,1315,14
Philadelphia,2020-04-01,1478,14
Philadelphia,2020-04-02,1852,14
Philadelphia,2020-04-03,2284,14
Philadelphia,2020-04-04,2610,24
Philadelphia,2020-04-05,3135,28
Philadelphia,2020-04-06,3611,28
Philadelphia,2020-04-07,4012,58
Philadelphia,2020-04-08,4456,86
Philadelphia,2020-04-09,5029,86
Philadelphia,2020-04-10,5521,110
Philadelphia,2020-04-11,6022,130
Philadelphia,2020-04-12,6352,128
Philadelphia,2020-04-13,6810,127
Philadelphia,2020-04-14,7130,206
Philadelphia,2020-04-15,7441,222
Philadelphia,2020-04-16,8045,264
Philadelphia,2020-04-17,8563,298
Philadelphia,2020-04-18,9014,342
Philadelphia,2020-04-19,9214,365
Philadelphia,2020-04-20,9553,370
Philadelphia,2020-04-21,10028,394
Philadelphia,2020-04-22,10643,419
Philadelphia,2020-04-23,11226,443
Philadelphia,2020-04-24,11877,449
Philadelphia,2020-04-25,12329,466
Philadelphia,2020-04-26,12566,472
Philadelphia,2020-04-27,12868,484
Philadelphia,2020-04-28,13445,516
Philadelphia,2020-04-29,13445,516
Philadelphia,2020-04-30,14468,607
Pima,2020-03-09,1,0
Pima,2020-03-10,1,0
Pima,2020-03-11,1,0
Pima,2020-03-12,1,0
Pima,2020-03-13,1,0
Pima,2020-03-14,2,0
Pima,2020-03-15,3,0
Pima,2020-03-16,4,0
Pima,2020-03-17,4,0
Pima,2020-03-18,5,0
Pima,2020-03-19,7,0
Pima,2020-03-20,8,0
Pima,2020-03-21,12,0
Pima,2020-03-22,17,0
Pima,2020-03-23,24,0
Pima,2020-03-24,42,0
Pima,2020-03-25,49,0
Pima,2020-03-26,75,0
Pima,2020-03-27,102,4
Pima,2020-03-28,120,5
Pima,2020-03-29,153,6
Pima,2020-03-30,187,6
Pima,2020-03-31,202,6
Pima,2020-04-01,217,10
Pima,2020-04-02,237,11
Pima,2020-04-03,280,11
Pima,2020-04-04,326,12
Pima,2020-04-05,372,12
Pima,2020-04-06,415,13
Pima,2020-04-07,415,13
Pima,2020-04-08,464,16
Pima,2020-04-09,512,20
Pima,2020-04-10,543,20
Pima,2020-04-11,591,29
Pima,2020-04-12,622,29
Pima,2020-04-13,668,29
Pima,2020-04-14,685,32
Pima,2020-04-15,700,34
Pima,2020-04-16,760,37
Pima,2020-04-17,819,51
Pima,2020-04-18,856,56
Pima,2020-04-19,913,56
Pima,2020-04-20,941,58
Pima,2020-04-21,963,65
Pima,2020-04-22,973,68
Pima,2020-04-23,1026,70
Pima,2020-04-24,1060,74
Pima,2020-04-25,1090,76
Pima,2020-04-26,1136,76
Pima,2020-04-27,1164,76
Pima,2020-04-28,1188,78
Pima,2020-04-29,1215,80
Pima,2020-04-30,1241,80
Salt Lake,2020-02-25,1,0
Salt Lake,2020-02-26,1,0
Salt Lake,2020-02-27,1,0
Salt Lake,2020-02-28,1,0
Salt Lake,2020-02-29,1,0
Salt Lake,2020-03-01,1,0
Salt Lake,2020-03-02,1,0
Salt Lake,2020-03-03,1,0
Salt Lake,2020-03-04,1,0
Salt Lake,2020-03-05,1,0
Salt Lake,2020-03-06,1,0
Salt Lake,2020-03-07,1,0
Salt Lake,2020-03-08,1,0
Salt Lake,2020-03-09,1,0
Salt Lake,2020-03-10,1,0
Salt Lake,2020-03-11,2,0
Salt Lake,2020-03-12,4,0
Salt Lake,2020-03-13,4,0
Salt Lake,2020-03-14,15,0
Salt Lake,2020-03-15,15,0
Salt Lake,2020-03-16,20,0
Salt Lake,2020-03-17,23,0
Salt Lake,2020-03-18,24,0
Salt Lake,2020-03-19,31,0
Salt Lake,2020-03-20,46,0
Salt Lake,2020-03-21,60,0
Salt Lake,2020-03-22,84,0
Salt Lake,2020-03-23,112,0
Salt Lake,2020-03-24,127,0
Salt Lake,2020-03-25,151,0
Salt Lake,2020-03-26,181,0
Salt Lake,2020-03-27,212,0
Salt Lake,2020-03-28,276,0
Salt Lake,2020-03-29,324,0
Salt Lake,2020-03-30,363,0
Salt Lake,2020-03-31,396,0
Salt Lake,2020-04-01,444,1
Salt Lake,2020-04-02,476,1
Salt Lake,2020-04-03,541,1
Salt Lake,2020-04-04,650,1
Salt Lake,2020-04-05,741,1
Salt Lake,2020-04-06,741,1
Salt Lake,2020-04-07,807,1
Salt Lake,2020-04-08,868,7
Salt Lake,2020-04-09,935,7
Salt Lake,2020-04-10,1011,7
Salt Lake,2020-04-11,1071,7
Salt Lake,2020-04-12,1126,7
Salt Lake,2020-04-13,1157,7
Salt Lake,2020-04-14,1187,7
Salt Lake,2020-04-15,1285,7
Salt Lake,2020-04-16,1377,12
Salt Lake,2020-04-17,1456,12
Salt Lake,2020-04-18,1547,13
Salt Lake,2020-04-19,1615,15
Salt Lake,2020-04-20,1671,15
Salt Lake,2020-04-21,1714,18
Salt Lake,2020-04-22,1795,19
Salt Lake,2020-04-23,1889,20
Salt Lake,2020-04-24,1975,23
Salt Lake,2020-04-25,2051,25
Salt Lake,2020-04-26,2144,25
Salt Lake,2020-04-27,2190,24
Salt Lake,2020-04-28,2256,28
Salt Lake,2020-04-29,2348,28
Salt Lake,2020-04-30,2438,29
San Diego,2020-02-10,1,0
San Diego,2020-02-11,1,0
San Diego,2020-02-12,1,0
San Diego,2020-02-13,1,0
San Diego,2020-02-14,1,0
San Diego,2020-02-15,1,0
San Diego,2020-02-16,1,0
San Diego,2020-02-17,1,0
San Diego,2020-02-18,1,0
San Diego,2020-02-19,1,0
San Diego,2020-02-20,1,0
San Diego,2020-02-21,1,0
San Diego,2020-02-22,1,0
San Diego,2020-02-23,1,0
San Diego,2020-02-24,1,0
San Diego,2020-02-25,1,0
San Diego,2020-02-26,1,0
San Diego,2020-02-27,1,0
San Diego,2020-02-28,1,0
San Diego,2020-02-29,1,0
San Diego,2020-03-01,1,0
San Diego,2020-03-02,1,0
San Diego,2020-03-03,1,0
San Diego,2020-03-04,1,0
San Diego,2020-03-05,1,0
San Diego,2020-03-06,1,0
San Diego,2020-03-07,1,0
San Diego,2020-03-08,1,0
San Diego,2020-03-09,2,0
San Diego,2020-03-10,2,0
San Diego,2020-03-11,2,0
San Diego,2020-03-12,5,0
San Diego,2020-03-13,9,0
San Diego,2020-03-14,10,0
San Diego,2020-03-15,40,0
San Diego,2020-03-16,56,0
San Diego,2020-03-17,61,0
San Diego,2020-03-18,81,0
San Diego,2020-03-19,105,0
San Diego,2020-03-20,131,0
San Diego,2020-03-21,159,0
San Diego,2020-03-22,205,0
San Diego,2020-03-23,230,0
San Diego,2020-03-24,242,1
San Diego,2020-03-25,297,2
San Diego,2020-03-26,341,3
San Diego,2020-03-27,417,5
San Diego,2020-03-28,488,7
San Diego,2020-03-29,519,7
San Diego,2020-03-30,603,7
San Diego,2020-03-31,734,9
San Diego,2020-04-01,849,15
San Diego,2020-04-02,966,16
San Diego,2020-04-03,1112,17
San Diego,2020-04-04,1209,18
San Diego,2020-04-05,1326,19
San Diego,2020-04-06,1404,19
San Diego,2020-04-07,1454,31
San Diego,2020-04-08,1530,36
San Diego,2020-04-09,1628,40
San Diego,2020-04-10,1696,44
San Diego,2020-04-11,1761,45
San Diego,2020-04-12,1804,45
San Diego,2020-04-13,1847,47
San Diego,2020-04-14,1930,53
San Diego,2020-04-15,2012,60
San Diego,2020-04-16,2087,63
San Diego,2020-04-17,2158,70
San Diego,2020-04-18,2213,71
San Diego,2020-04-19,2268,71
San Diego,2020-04-20,2325,72
San Diego,2020-04-21,2434,87
San Diego,2020-04-22,2491,96
San Diego,2020-04-23,2643,112
San Diego,2020-04-24,2826,102
San Diego,2020-04-25,2943,111
San Diego,2020-04-26,3043,111
San Diego,2020-04-27,3141,123
San Diego,2020-04-28,3378,128
San Diego,2020-04-29,3432,133
San Diego,2020-04-30,3627,140
San Francisco,2020-02-02,2,0
San Francisco,2020-02-03,2,0
San Francisco,2020-02-04,2,0
San Francisco,2020-02-05,2,0
San Francisco,2020-02-06,2,0
San Francisco,2020-02-07,2,0
San Francisco,2020-02-08,2,0
San Francisco,2020-02-09,2,0
San Francisco,2020-02-10,2,0
San Francisco,2020-02-11,2,0
San Francisco,2020-02-12,2,0
San Francisco,2020-02-13,2,0
San Francisco,2020-02-14,2,0
San Francisco,2020-02-15,2,0
San Francisco,2020-02-16,2,0
San Francisco,2020-02-17,2,0
San Francisco,2020-02-18,2,0
San Francisco,2020-02-19,2,0
San Francisco,2020-02-20,2,0
San Francisco,2020-02-21,2,0
San Francisco,2020-02-22,2,0
San Francisco,2020-02-23,2,0
San Francisco,2020-02-24,3,0
San Francisco,2020-02-25,3,0
San Francisco,2020-02-26,3,0
San Francisco,2020-02-27,3,0
San Francisco,2020-02-28,3,0
San Francisco,2020-02-29,3,0
San Francisco,2020-03-01,3,0
San Francisco,2020-03-02,3,0
San Francisco,2020-03-03,3,0
San Francisco,2020-03-04,3,0
San Francisco,2020-03-05,5,0
San Francisco,2020-03-06,5,0
San Francisco,2020-03-07,11,0
San Francisco,2020-03-08,11,0
San Francisco,2020-03-09,16,0
San Francisco,2020-03-10,17,0
San Francisco,2020-03-11,17,0
San Francisco,2020-03-12,21,0
San Francisco,2020-03-13,26,0
San Francisco,2020-03-14,31,0
San Francisco,2020-03-15,37,0
San Francisco,2020-03-16,43,0
San Francisco,2020-03-17,46,0
San Francisco,2020-03-18,51,0
San Francisco,2020-03-19,73,0
San Francisco,2020-03-20,79,0
San Francisco,2020-03-21,84,0
San Francisco,2020-03-22,111,0
San Francisco,2020-03-23,134,0
San Francisco,2020-03-24,152,0
San Francisco,2020-03-25,181,1
San Francisco,2020-03-26,226,2
San Francisco,2020-03-27,282,3
San Francisco,2020-03-28,308,4
San Francisco,2020-03-29,343,5
San Francisco,2020-03-30,374,6
San Francisco,2020-03-31,400,6
San Francisco,2020-04-01,437,7
San Francisco,2020-04-02,450,7
San Francisco,2020-04-03,500,7
San Francisco,2020-04-04,529,8
San Francisco,2020-04-05,571,8
San Francisco,2020-04-06,586,9
San Francisco,2020-04-07,622,9
San Francisco,2020-04-08,679,10
San Francisco,2020-04-09,727,10
San Francisco,2020-04-10,800,13
San Francisco,2020-04-11,860,13
San Francisco,2020-04-12,875,14
San Francisco,2020-04-13,960,15
San Francisco,2020-04-14,990,15
San Francisco,2020-04-15,1016,17
San Francisco,2020-04-16,1022,17
San Francisco,2020-04-17,1061,20
San Francisco,2020-04-18,1140,20
San Francisco,2020-04-19,1160,20
San Francisco,2020-04-20,1219,20
San Francisco,2020-04-21,1234,20
San Francisco,2020-04-22,1236,21
San Francisco,2020-04-23,1305,21
San Francisco,2020-04-24,1343,22
San Francisco,2020-04-25,1357,22
San Francisco,2020-04-26,1411,22
San Francisco,2020-04-27,1427,23
San Francisco,2020-04-28,1471,23
San Francisco,2020-04-29,1490,23
San Francisco,2020-04-30,1502,25
Santa Clara,2020-01-31,1,0
Santa Clara,2020-02-01,1,0
Santa Clara,2020-02-02,2,0
Santa Clara,2020-02-03,2,0
Santa Clara,2020-02-04,2,0
Santa Clara,2020-02-05,2,0
Santa Clara,2020-02-06,2,0
Santa Clara,2020-02-07,2,0
Santa Clara,2020-02-08,2,0
Santa Clara,2020-02-09,2,0
Santa Clara,2020-02-10,2,0
Santa Clara,2020-02-11,2,0
Santa Clara,2020-02-12,2,0
Santa Clara,2020-02-13,2,0
Santa Clara,2020-02-14,2,0
Santa Clara,2020-02-15,2,0
Santa Clara,2020-02-16,2,0
Santa Clara,2020-02-17,2,0
Santa Clara,2020-02-18,2,0
Santa Clara,2020-02-19,2,0
Santa Clara,2020-02-20,2,0
Santa Clara,2020-02-21,2,0
Santa Clara,2020-02-22,2,0
Santa Clara,2020-02-23,2,0
Santa Clara,2020-02-24,2,0
Santa Clara,2020-02-25,2,0
Santa Clara,2020-02-26,2,0
Santa Clara,2020-02-27,2,0
Santa Clara,2020-02-28,3,0
Santa Clara,2020-02-29,4,0
Santa Clara,2020-03-01,7,0
Santa Clara,2020-03-02,9,0
Santa Clara,2020-03-03,11,0
Santa Clara,2020-03-04,14,0
Santa Clara,2020-03-05,20,0
Santa Clara,2020-03-06,24,0
Santa Clara,2020-03-07,32,0
Santa Clara,2020-03-08,37,0
Santa Clara,2020-03-09,43,1
Santa Clara,2020-03-10,45,1
Santa Clara,2020-03-11,48,1
Santa Clara,2020-03-12,66,1
Santa Clara,2020-03-13,79,2
Santa Clara,2020-03-14,91,2
Santa Clara,2020-03-15,114,2
Santa Clara,2020-03-16,138,4
Santa Clara,2020-03-17,155,5
Santa Clara,2020-03-18,175,6
Santa Clara,2020-03-19,189,6
Santa Clara,2020-03-20,196,8
Santa Clara,2020-03-21,263,8
Santa Clara,2020-03-22,303,11
Santa Clara,2020-03-23,321,11
Santa Clara,2020-03-24,375,17
Santa Clara,2020-03-25,459,18
Santa Clara,2020-03-26,542,20
Santa Clara,2020-03-27,574,21
Santa Clara,2020-03-28,591,26
Santa Clara,2020-03-29,646,26
Santa Clara,2020-03-30,848,29
Santa Clara,2020-03-31,890,31
Santa Clara,2020-04-01,956,33
Santa Clara,2020-04-02,1019,37
Santa Clara,2020-04-03,1094,39
Santa Clara,2020-04-04,1148,40
Santa Clara,2020-04-05,1207,40
Santa Clara,2020-04-06,1224,40
Santa Clara,2020-04-07,1285,44
Santa Clara,2020-04-08,1380,47
Santa Clara,2020-04-09,1442,48
Santa Clara,2020-04-10,1484,50
Santa Clara,2020-04-11,1566,52
Santa Clara,2020-04-12,1621,54
Santa Clara,2020-04-13,1666,61
Santa Clara,2020-04-14,1666,61
Santa Clara,2020-04-15,1793,66
Santa Clara,2020-04-16,1833,70
Santa Clara,2020-04-17,1870,74
Santa Clara,2020-04-18,1870,74
Santa Clara,2020-04-19,1870,74
Santa Clara,2020-04-20,1922,84
Santa Clara,2020-04-21,1946,89
Santa Clara,2020-04-22,1962,95
Santa Clara,2020-04-23,1987,96
Santa Clara,2020-04-24,2018,99
Santa Clara,2020-04-25,2040,100
Santa Clara,2020-04-26,2084,101
Santa Clara,2020-04-27,2105,104
Santa Clara,2020-04-28,2122,107
Santa Clara,2020-04-29,2134,108
Santa Clara,2020-04-30,2163,112
Shelby,2020-03-08,1,0
Shelby,2020-03-09,1,0
Shelby,2020-03-10,1,0
Shelby,2020-03-11,1,0
Shelby,2020-03-12,2,0
Shelby,2020-03-13,2,0
Shelby,2020-03-14,2,0
Shelby,2020-03-15,2,0
Shelby,2020-03-16,2,0
Shelby,2020-03-17,2,0
Shelby,2020-03-18,4,0
Shelby,2020-03-19,22,0
Shelby,2020-03-20,42,0
Shelby,2020-03-21,42,0
Shelby,2020-03-22,66,0
Shelby,2020-03-23,66,0
Shelby,2020-03-24,135,0
Shelby,2020-03-25,170,0
Shelby,2020-03-26,198,0
Shelby,2020-03-27,223,0
Shelby,2020-03-28,275,0
Shelby,2020-03-29,362,1
Shelby,2020-03-30,396,1
Shelby,2020-03-31,396,1
Shelby,2020-04-01,496,3
Shelby,2020-04-02,638,7
Shelby,2020-04-03,640,7
Shelby,2020-04-04,706,10
Shelby,2020-04-05,754,11
Shelby,2020-04-06,766,13
Shelby,2020-04-07,845,18
Shelby,2020-04-08,912,21
Shelby,2020-04-09,1006,23
Shelby,2020-04-10,1083,25
Shelby,2020-04-11,1147,26
Shelby,2020-04-12,1216,26
Shelby,2020-04-13,1331,26
Shelby,2020-04-14,1359,26
Shelby,2020-04-15,1432,31
Shelby,2020-04-16,1508,33
Shelby,2020-04-17,1682,35
Shelby,2020-04-18,1730,35
Shelby,2020-04-19,1778,37
Shelby,2020-04-20,1839,38
Shelby,2020-04-21,1873,39
Shelby,2020-04-22,1924,43
Shelby,2020-04-23,1953,44
Shelby,2020-04-24,2001,44
Shelby,2020-04-25,2086,44
Shelby,2020-04-26,2296,45
Shelby,2020-04-27,2327,45
Shelby,2020-04-28,2376,46
Shelby,2020-04-29,2432,46
Shelby,2020-04-30,2507,47
St. Louis,2020-03-07,1,0
St. Louis,2020-03-08,1,0
St. Louis,2020-03-09,1,0
St. Louis,2020-03-10,1,0
St. Louis,2020-03-11,1,0
St. Louis,2020-03-12,1,0
St. Louis,2020-03-13,2,0
St. Louis,2020-03-14,2,0
St. Louis,2020-03-15,2,0
St. Louis,2020-03-16,4,0
St. Louis,2020-03-17,5,0
St. Louis,2020-03-18,6,0
St. Louis,2020-03-19,10,0
St. Louis,2020-03-20,13,1
St. Louis,2020-03-21,22,1
St. Louis,2020-03-22,55,1
St. Louis,2020-03-23,68,1
St. Louis,2020-03-24,68,1
St. Louis,2020-03-25,129,1
St. Louis,2020-03-26,173,1
St. Louis,2020-03-27,247,2
St. Louis,2020-03-28,313,2
St. Louis,2020-03-29,336,2
St. Louis,2020-03-30,366,2
St. Louis,2020-03-31,492,3
St. Louis,2020-04-01,492,3
St. Louis,2020-04-02,712,6
St. Louis,2020-04-03,794,7
St. Louis,2020-04-04,864,11
St. Louis,2020-04-05,883,13
St. Louis,2020-04-06,1033,14
St. Louis,2020-04-07,1203,24
St. Louis,2020-04-08,1302,26
St. Louis,2020-04-09,1393,28
St. Louis,2020-04-10,1498,33
St. Louis,2020-04-11,1568,42
St. Louis,2020-04-12,1633,42
St. Louis,2020-04-13,1724,50
St. Louis,2020-04-14,1851,53
St. Louis,2020-04-15,1938,63
St. Louis,2020-04-16,2026,66
St. Louis,2020-04-17,2088,72
St. Louis,2020-04-18,2163,80
St. Louis,2020-04-19,2214,81
St. Louis,2020-04-20,2289,82
St. Louis,2020-04-21,2333,91
St. Louis,2020-04-22,2436,97
St. Louis,2020-04-23,2507,105
St. Louis,2020-04-24,2625,121
St. Louis,2020-04-25,2718,127
St. Louis,2020-04-26,2794,127
St. Louis,2020-04-27,2897,137
St. Louis,2020-04-28,2958,159
St. Louis,2020-04-29,3008,159
St. Louis,2020-04-30,3049,162
Suffolk,2020-02-01,1,0
Suffolk,2020-02-02,1,0
Suffolk,2020-02-03,1,0
Suffolk,2020-02-04,1,0
Suffolk,2020-02-05,1,0
Suffolk,2020-02-06,1,0
Suffolk,2020-02-07,1,0
Suffolk,2020-02-08,1,0
Suffolk,2020-02-09,1,0
Suffolk,2020-02-10,1,0
Suffolk,2020-02-11,1,0
Suffolk,2020-02-12,1,0
Suffolk,2020-02-13,1,0
Suffolk,2020-02-14,1,0
Suffolk,2020-02-15,1,0
Suffolk,2020-02-16,1,0
Suffolk,2020-02-17,1,0
Suffolk,2020-02-18,1,0
Suffolk,2020-02-19,1,0
Suffolk,2020-02-20,1,0
Suffolk,2020-02-21,1,0
Suffolk,2020-02-22,1,0
Suffolk,2020-02-23,1,0
Suffolk,2020-02-24,1,0
Suffolk,2020-02-25,1,0
Suffolk,2020-02-26,1,0
Suffolk,2020-02-27,1,0
Suffolk,2020-02-28,1,0
Suffolk,2020-02-29,1,0
Suffolk,2020-03-01,1,0
Suffolk,2020-03-02,1,0
Suffolk,2020-03-03,1,0
Suffolk,2020-03-04,1,0
Suffolk,2020-03-05,1,0
Suffolk,2020-03-06,4,0
Suffolk,2020-03-07,4,0
Suffolk,2020-03-08,9,0
Suffolk,2020-03-09,10,0
Suffolk,2020-03-10,20,0
Suffolk,2020-03-11,20,0
Suffolk,2020-03-12,22,0
Suffolk,2020-03-13,26,0
Suffolk,2020-03-14,27,0
Suffolk,2020-03-15,31,0
Suffolk,2020-03-16,42,0
Suffolk,2020-03-17,42,0
Suffolk,2020-03-18,51,0
Suffolk,2020-03-19,72,0
Suffolk,2020-03-20,87,1
Suffolk,2020-03-21,108,1
Suffolk,2020-03-22,126,2
Suffolk,2020-03-23,154,3
Suffolk,2020-03-24,234,3
Suffolk,2020-03-25,342,3
Suffolk,2020-03-26,448,4
Suffolk,2020-03-27,631,4
Suffolk,2020-03-28,843,5
Suffolk,2020-03-29,940,5
Suffolk,2020-03-30,1115,7
Suffolk,2020-03-31,1373,8
Suffolk,2020-04-01,1624,15
Suffolk,2020-04-02,1896,21
Suffolk,2020-04-03,2183,23
Suffolk,2020-04-04,2429,28
Suffolk,2020-04-05,2658,29
Suffolk,2020-04-06,2929,33
Suffolk,2020-04-07,3245,42
Suffolk,2020-04-08,3600,50
Suffolk,2020-04-09,4041,56
Suffolk,2020-04-10,4534,73
Suffolk,2020-04-11,4926,81
Suffolk,2020-04-12,5359,88
Suffolk,2020-04-13,5579,106
Suffolk,2020-04-14,5872,120
Suffolk,2020-04-15,6279,147
Suffolk,2020-04-16,6820,166
Suffolk,2020-04-17,7272,190
Suffolk,2020-04-18,7696,214
Suffolk,2020-04-19,8074,238
Suffolk,2020-04-20,8314,263
Suffolk,2020-04-21,8669,285
Suffolk,2020-04-22,9060,318
Suffolk,2020-04-23,9739,346
Suffolk,2020-04-24,10724,372
Suffolk,2020-04-25,11218,391
Suffolk,2020-04-26,11543,424
Suffolk,2020-04-27,11883,448
Suffolk,2020-04-28,12140,469
Suffolk,2020-04-29,12539,504
Suffolk,2020-04-30,12890,524
Wayne,2020-03-10,1,0
Wayne,2020-03-11,1,0
Wayne,2020-03-12,1,0
Wayne,2020-03-13,6,0
Wayne,2020-03-14,8,0
Wayne,2020-03-15,13,0
Wayne,2020-03-16,13,0
Wayne,2020-03-17,17,0
Wayne,2020-03-18,23,1
Wayne,2020-03-19,119,3
Wayne,2020-03-20,216,3
Wayne,2020-03-21,349,4
Wayne,2020-03-22,477,5
Wayne,2020-03-23,638,8
Wayne,2020-03-24,873,13
Wayne,2020-03-25,1122,21
Wayne,2020-03-26,1389,26
Wayne,2020-03-27,1810,37
Wayne,2020-03-28,2316,46
Wayne,2020-03-29,2704,56
Wayne,2020-03-30,3195,83
Wayne,2020-03-31,3735,120
Wayne,2020-04-01,4470,146
Wayne,2020-04-02,5069,194
Wayne,2020-04-03,6096,223
Wayne,2020-04-04,6762,252
Wayne,2020-04-05,7518,293
Wayne,2020-04-06,8270,346
Wayne,2020-04-07,9045,402
Wayne,2020-04-08,9626,446
Wayne,2020-04-09,10093,504
Wayne,2020-04-10,10539,609
Wayne,2020-04-11,10951,652
Wayne,2020-04-12,11164,704
Wayne,2020-04-13,11648,760
Wayne,2020-04-14,12209,820
Wayne,2020-04-15,12544,884
Wayne,2020-04-16,13002,981
Wayne,2020-04-17,13233,1044
Wayne,2020-04-18,13471,1070
Wayne,2020-04-19,13692,1119
Wayne,2020-04-20,13912,1148
Wayne,2020-04-21,14255,1278
Wayne,2020-04-22,14561,1319
Wayne,2020-04-23,14994,1396
Wayne,2020-04-24,15407,1443
Wayne,2020-04-25,15548,1560
Wayne,2020-04-26,15748,1580
Wayne,2020-04-27,15872,1622
Wayne,2020-04-28,16173,1682
Wayne,2020-04-29,16494,1727
Wayne,2020-04-30,16729,1782
Wyandotte,2020-03-12,1,1
Wyandotte,2020-03-13,1,1
Wyandotte,2020-03-14,1,1
Wyandotte,2020-03-15,1,1
Wyandotte,2020-03-16,1,1
Wyandotte,2020-03-17,3,1
Wyandotte,2020-03-18,5,1
Wyandotte,2020-03-19,8,1
Wyandotte,2020-03-20,9,1
Wyandotte,2020-03-21,13,1
Wyandotte,2020-03-22,14,1
Wyandotte,2020-03-23,16,1
Wyandotte,2020-03-24,22,2
Wyandotte,2020-03-25,27,2
Wyandotte,2020-03-26,34,2
Wyandotte,2020-03-27,43,3
Wyandotte,2020-03-28,53,3
Wyandotte,2020-03-29,55,4
Wyandotte,2020-03-30,67,4
Wyandotte,2020-03-31,79,4
Wyandotte,2020-04-01,93,4
Wyandotte,2020-04-02,106,5
Wyandotte,2020-04-03,131,6
Wyandotte,2020-04-04,149,6
Wyandotte,2020-04-05,161,6
Wyandotte,2020-04-06,186,7
Wyandotte,2020-04-07,192,10
Wyandotte,2020-04-08,245,13
Wyandotte,2020-04-09,277,16
Wyandotte,2020-04-10,300,20
Wyandotte,2020-04-11,315,24
Wyandotte,2020-04-12,332,24
Wyandotte,2020-04-13,337,29
Wyandotte,2020-04-14,345,30
Wyandotte,2020-04-15,363,31
Wyandotte,2020-04-16,379,34
Wyandotte,2020-04-17,400,35
Wyandotte,2020-04-18,412,35
Wyandotte,2020-04-19,417,37
Wyandotte,2020-04-20,426,44
Wyandotte,2020-04-21,433,44
Wyandotte,2020-04-22,471,46
Wyandotte,2020-04-23,490,47
Wyandotte,2020-04-24,527,49
Wyandotte,2020-04-25,555,50
Wyandotte,2020-04-26,565,51
Wyandotte,2020-04-27,573,53
Wyandotte,2020-04-28,585,53
Wyandotte,2020-04-29,619,55
Wyandotte,2020-04-30,677,55
